instance_folder,instance_id,noise_factor,method,time_limit,feasibility,obj,time_offline,time_online,start_times,real_durations,mode,estimated_durations,estimated_start_times,obj_pi,time_limit_rescheduling,time_limit_cp_stnu,can_build_stnu,dc
j10,1,2,proactive_quantile_0.9,600.0,False,inf,0.030023574829101562,inf,"[0, 6, 0, 0, 0, 7, 28, 14, 28, 15, 8, 33]","[0, 4, 15, 1, 2, 4, 6, 3, 1, 2, 1, 0]",quantile_0.9,"[0, 5, 14, 5, 5, 5, 8, 14, 3, 9, 2, 0]","[0, 6, 0, 0, 0, 7, 28, 14, 28, 15, 8, 33]",26.0,,,,
j10,1,2,proactive_quantile_0.9,600.0,True,35.0,0.030023574829101562,0.0,"[0, 6, 0, 0, 0, 7, 28, 14, 28, 15, 8, 33]","[0, 5, 9, 2, 3, 5, 7, 8, 3, 5, 2, 0]",quantile_0.9,"[0, 5, 14, 5, 5, 5, 8, 14, 3, 9, 2, 0]","[0, 6, 0, 0, 0, 7, 28, 14, 28, 15, 8, 33]",27.0,,,,
j10,1,2,proactive_quantile_0.9,600.0,True,36.0,0.030023574829101562,0.0010004043579101562,"[0, 6, 0, 0, 0, 7, 28, 14, 28, 15, 8, 33]","[0, 5, 13, 5, 3, 5, 8, 10, 2, 2, 2, 0]",quantile_0.9,"[0, 5, 14, 5, 5, 5, 8, 14, 3, 9, 2, 0]","[0, 6, 0, 0, 0, 7, 28, 14, 28, 15, 8, 33]",31.0,,,,
j10,1,2,proactive_quantile_0.9,600.0,True,33.0,0.030023574829101562,0.0,"[0, 6, 0, 0, 0, 7, 28, 14, 28, 15, 8, 33]","[0, 1, 9, 2, 2, 2, 2, 3, 1, 2, 1, 0]",quantile_0.9,"[0, 5, 14, 5, 5, 5, 8, 14, 3, 9, 2, 0]","[0, 6, 0, 0, 0, 7, 28, 14, 28, 15, 8, 33]",26.0,,,,
j10,1,2,proactive_quantile_0.9,600.0,True,35.0,0.030023574829101562,0.0,"[0, 6, 0, 0, 0, 7, 28, 14, 28, 15, 8, 33]","[0, 1, 6, 3, 2, 1, 7, 10, 3, 6, 2, 0]",quantile_0.9,"[0, 5, 14, 5, 5, 5, 8, 14, 3, 9, 2, 0]","[0, 6, 0, 0, 0, 7, 28, 14, 28, 15, 8, 33]",27.0,,,,
j10,1,2,proactive_quantile_0.9,600.0,False,inf,0.030023574829101562,inf,"[0, 6, 0, 0, 0, 7, 28, 14, 28, 15, 8, 33]","[0, 2, 6, 5, 1, 2, 4, 15, 3, 5, 1, 0]",quantile_0.9,"[0, 5, 14, 5, 5, 5, 8, 14, 3, 9, 2, 0]","[0, 6, 0, 0, 0, 7, 28, 14, 28, 15, 8, 33]",29.0,,,,
j10,1,2,proactive_quantile_0.9,600.0,True,33.0,0.030023574829101562,0.0,"[0, 6, 0, 0, 0, 7, 28, 14, 28, 15, 8, 33]","[0, 4, 12, 3, 1, 5, 2, 5, 3, 9, 1, 0]",quantile_0.9,"[0, 5, 14, 5, 5, 5, 8, 14, 3, 9, 2, 0]","[0, 6, 0, 0, 0, 7, 28, 14, 28, 15, 8, 33]",27.0,,,,
j10,1,2,proactive_quantile_0.9,600.0,True,33.0,0.030023574829101562,0.0,"[0, 6, 0, 0, 0, 7, 28, 14, 28, 15, 8, 33]","[0, 2, 6, 5, 4, 2, 4, 9, 1, 1, 1, 0]",quantile_0.9,"[0, 5, 14, 5, 5, 5, 8, 14, 3, 9, 2, 0]","[0, 6, 0, 0, 0, 7, 28, 14, 28, 15, 8, 33]",26.0,,,,
j10,1,2,proactive_quantile_0.9,600.0,True,33.0,0.030023574829101562,0.0,"[0, 6, 0, 0, 0, 7, 28, 14, 28, 15, 8, 33]","[0, 3, 10, 2, 4, 5, 3, 3, 1, 8, 2, 0]",quantile_0.9,"[0, 5, 14, 5, 5, 5, 8, 14, 3, 9, 2, 0]","[0, 6, 0, 0, 0, 7, 28, 14, 28, 15, 8, 33]",26.0,,,,
j10,1,2,proactive_quantile_0.9,600.0,True,34.0,0.030023574829101562,0.0,"[0, 6, 0, 0, 0, 7, 28, 14, 28, 15, 8, 33]","[0, 2, 4, 4, 1, 1, 6, 9, 1, 6, 1, 0]",quantile_0.9,"[0, 5, 14, 5, 5, 5, 8, 14, 3, 9, 2, 0]","[0, 6, 0, 0, 0, 7, 28, 14, 28, 15, 8, 33]",26.0,,,,
j10,1,2,reactive,600.0,False,inf,inf,inf,,"[0, 4, 15, 1, 2, 4, 6, 3, 1, 2, 1, 0]",quantile_0.9,"[0, 4, 15, 1, 2, 4, 8, 14, 3, 9, 1, 0]","[0, 6, 0, 0, 0, 7, 28, 14, 28, 15, 8, 33]",26.0,2.0,,,
j10,1,2,reactive,600.0,True,29.0,0.030023574829101562,0.12601137161254883,"[0, 6, 0, 0, 0, 7, 22, 14, 24, 15, 8, 27]","[0, 5, 9, 2, 3, 5, 7, 8, 3, 5, 2, 0]",quantile_0.9,"[0, 5, 9, 2, 3, 5, 8, 8, 3, 5, 2, 0]","[0, 6, 0, 0, 0, 7, 28, 14, 28, 15, 8, 33]",27.0,2.0,,,
j10,1,2,reactive,600.0,True,32.0,0.030023574829101562,0.1300053596496582,"[0, 6, 0, 0, 0, 7, 24, 14, 24, 15, 8, 29]","[0, 5, 13, 5, 3, 5, 8, 10, 2, 2, 2, 0]",quantile_0.9,"[0, 5, 13, 5, 3, 5, 8, 10, 2, 2, 2, 0]","[0, 6, 0, 0, 0, 7, 28, 14, 28, 15, 8, 33]",31.0,2.0,,,
j10,1,2,reactive,600.0,True,26.0,0.030023574829101562,0.2579944133758545,"[0, 6, 0, 0, 0, 7, 9, 14, 24, 15, 8, 26]","[0, 1, 9, 2, 2, 2, 2, 3, 1, 2, 1, 0]",quantile_0.9,"[0, 1, 9, 2, 2, 2, 2, 3, 1, 2, 1, 0]","[0, 6, 0, 0, 0, 7, 28, 14, 28, 15, 8, 33]",26.0,2.0,,,
j10,1,2,reactive,600.0,True,31.0,0.030023574829101562,0.17900395393371582,"[0, 6, 0, 0, 0, 7, 24, 14, 24, 15, 8, 29]","[0, 1, 6, 3, 2, 1, 7, 10, 3, 6, 2, 0]",quantile_0.9,"[0, 1, 6, 3, 2, 1, 8, 10, 3, 6, 2, 0]","[0, 6, 0, 0, 0, 7, 28, 14, 28, 15, 8, 33]",27.0,2.0,,,
j10,1,2,reactive,600.0,False,inf,inf,inf,,"[0, 2, 6, 5, 1, 2, 4, 15, 3, 5, 1, 0]",quantile_0.9,"[0, 2, 6, 5, 1, 2, 8, 15, 3, 5, 1, 0]","[0, 6, 0, 0, 0, 7, 28, 14, 28, 15, 8, 33]",29.0,2.0,,,
j10,1,2,reactive,600.0,True,27.0,0.030023574829101562,0.17400264739990234,"[0, 6, 0, 0, 0, 7, 12, 14, 24, 15, 8, 26]","[0, 4, 12, 3, 1, 5, 2, 5, 3, 9, 1, 0]",quantile_0.9,"[0, 4, 12, 3, 1, 5, 2, 5, 3, 9, 1, 0]","[0, 6, 0, 0, 0, 7, 28, 14, 28, 15, 8, 33]",27.0,2.0,,,
j10,1,2,reactive,600.0,True,26.0,0.030023574829101562,0.24300408363342285,"[0, 6, 0, 0, 0, 7, 9, 14, 24, 15, 8, 26]","[0, 2, 6, 5, 4, 2, 4, 9, 1, 1, 1, 0]",quantile_0.9,"[0, 2, 6, 5, 4, 2, 4, 9, 1, 1, 1, 0]","[0, 6, 0, 0, 0, 7, 28, 14, 28, 15, 8, 33]",26.0,2.0,,,
j10,1,2,reactive,600.0,True,28.0,0.030023574829101562,0.19600176811218262,"[0, 6, 0, 0, 0, 7, 23, 14, 24, 15, 8, 28]","[0, 3, 10, 2, 4, 5, 3, 3, 1, 8, 2, 0]",quantile_0.9,"[0, 3, 10, 2, 4, 5, 3, 3, 1, 8, 2, 0]","[0, 6, 0, 0, 0, 7, 28, 14, 28, 15, 8, 33]",26.0,2.0,,,
j10,1,2,reactive,600.0,True,29.0,0.030023574829101562,0.23500275611877441,"[0, 6, 0, 0, 0, 7, 23, 14, 24, 15, 8, 28]","[0, 2, 4, 4, 1, 1, 6, 9, 1, 6, 1, 0]",quantile_0.9,"[0, 2, 4, 4, 1, 1, 8, 9, 1, 6, 1, 0]","[0, 6, 0, 0, 0, 7, 28, 14, 28, 15, 8, 33]",26.0,2.0,,,
j10,1,2,proactive_SAA_smart,1800.0,False,inf,0.14403557777404785,inf,"[0, 6, 0, 0, 0, 7, 28, 14, 28, 15, 8, 33]","[0, 4, 15, 1, 2, 4, 6, 3, 1, 2, 1, 0]",SAA_smart,,"[0, 6, 0, 0, 0, 7, 28, 14, 28, 15, 8, 33]",26.0,,,,
j10,1,2,proactive_SAA_smart,1800.0,True,35.0,0.14403557777404785,0.0,"[0, 6, 0, 0, 0, 7, 28, 14, 28, 15, 8, 33]","[0, 5, 9, 2, 3, 5, 7, 8, 3, 5, 2, 0]",SAA_smart,,"[0, 6, 0, 0, 0, 7, 28, 14, 28, 15, 8, 33]",27.0,,,,
j10,1,2,proactive_SAA_smart,1800.0,True,36.0,0.14403557777404785,0.0,"[0, 6, 0, 0, 0, 7, 28, 14, 28, 15, 8, 33]","[0, 5, 13, 5, 3, 5, 8, 10, 2, 2, 2, 0]",SAA_smart,,"[0, 6, 0, 0, 0, 7, 28, 14, 28, 15, 8, 33]",31.0,,,,
j10,1,2,proactive_SAA_smart,1800.0,True,33.0,0.14403557777404785,0.0,"[0, 6, 0, 0, 0, 7, 28, 14, 28, 15, 8, 33]","[0, 1, 9, 2, 2, 2, 2, 3, 1, 2, 1, 0]",SAA_smart,,"[0, 6, 0, 0, 0, 7, 28, 14, 28, 15, 8, 33]",26.0,,,,
j10,1,2,proactive_SAA_smart,1800.0,True,35.0,0.14403557777404785,0.0,"[0, 6, 0, 0, 0, 7, 28, 14, 28, 15, 8, 33]","[0, 1, 6, 3, 2, 1, 7, 10, 3, 6, 2, 0]",SAA_smart,,"[0, 6, 0, 0, 0, 7, 28, 14, 28, 15, 8, 33]",27.0,,,,
j10,1,2,proactive_SAA_smart,1800.0,False,inf,0.14403557777404785,inf,"[0, 6, 0, 0, 0, 7, 28, 14, 28, 15, 8, 33]","[0, 2, 6, 5, 1, 2, 4, 15, 3, 5, 1, 0]",SAA_smart,,"[0, 6, 0, 0, 0, 7, 28, 14, 28, 15, 8, 33]",29.0,,,,
j10,1,2,proactive_SAA_smart,1800.0,True,33.0,0.14403557777404785,0.0,"[0, 6, 0, 0, 0, 7, 28, 14, 28, 15, 8, 33]","[0, 4, 12, 3, 1, 5, 2, 5, 3, 9, 1, 0]",SAA_smart,,"[0, 6, 0, 0, 0, 7, 28, 14, 28, 15, 8, 33]",27.0,,,,
j10,1,2,proactive_SAA_smart,1800.0,True,33.0,0.14403557777404785,0.0,"[0, 6, 0, 0, 0, 7, 28, 14, 28, 15, 8, 33]","[0, 2, 6, 5, 4, 2, 4, 9, 1, 1, 1, 0]",SAA_smart,,"[0, 6, 0, 0, 0, 7, 28, 14, 28, 15, 8, 33]",26.0,,,,
j10,1,2,proactive_SAA_smart,1800.0,True,33.0,0.14403557777404785,0.0,"[0, 6, 0, 0, 0, 7, 28, 14, 28, 15, 8, 33]","[0, 3, 10, 2, 4, 5, 3, 3, 1, 8, 2, 0]",SAA_smart,,"[0, 6, 0, 0, 0, 7, 28, 14, 28, 15, 8, 33]",26.0,,,,
j10,1,2,proactive_SAA_smart,1800.0,True,34.0,0.14403557777404785,0.0010020732879638672,"[0, 6, 0, 0, 0, 7, 28, 14, 28, 15, 8, 33]","[0, 2, 4, 4, 1, 1, 6, 9, 1, 6, 1, 0]",SAA_smart,,"[0, 6, 0, 0, 0, 7, 28, 14, 28, 15, 8, 33]",26.0,,,,
j10,1,2,STNU_robust,,True,27.0,0.43900489807128906,0.004000425338745117,"[0, 10, 0, 0, 0, 7, 21, 15, 24, 19, 12, 26]","[0, 4, 15, 1, 2, 4, 6, 3, 1, 2, 1, 0]",robust,,,26.0,,600.0,True,True
j10,1,2,STNU_robust,,True,30.0,0.43900489807128906,0.003998994827270508,"[0, 9, 0, 0, 0, 7, 23, 14, 24, 18, 11, 28]","[0, 5, 9, 2, 3, 5, 7, 8, 3, 5, 2, 0]",robust,,,27.0,,600.0,True,True
j10,1,2,STNU_robust,,True,33.0,0.43900489807128906,0.004002571105957031,"[0, 10, 0, 0, 0, 7, 25, 15, 25, 19, 12, 30]","[0, 5, 13, 5, 3, 5, 8, 10, 2, 2, 2, 0]",robust,,,31.0,,600.0,True,True
j10,1,2,STNU_robust,,True,26.0,0.43900489807128906,0.003999233245849609,"[0, 9, 0, 0, 0, 7, 20, 12, 24, 18, 11, 26]","[0, 1, 9, 2, 2, 2, 2, 3, 1, 2, 1, 0]",robust,,,26.0,,600.0,True,True
j10,1,2,STNU_robust,,True,29.0,0.43900489807128906,0.002999544143676758,"[0, 7, 0, 0, 0, 7, 22, 11, 24, 16, 9, 27]","[0, 1, 6, 3, 2, 1, 7, 10, 3, 6, 2, 0]",robust,,,27.0,,600.0,True,True
j10,1,2,STNU_robust,,True,30.0,0.43900489807128906,0.003999471664428711,"[0, 7, 0, 0, 0, 7, 25, 10, 25, 16, 9, 30]","[0, 2, 6, 5, 1, 2, 4, 15, 3, 5, 1, 0]",robust,,,29.0,,600.0,True,True
j10,1,2,STNU_robust,,True,33.0,0.43900489807128906,0.0039975643157958984,"[0, 10, 0, 0, 0, 7, 28, 14, 28, 19, 12, 33]","[0, 4, 12, 3, 1, 5, 2, 5, 3, 9, 1, 0]",robust,,,27.0,,600.0,True,True
j10,1,2,STNU_robust,,True,26.0,0.43900489807128906,0.003000974655151367,"[0, 7, 0, 0, 0, 7, 19, 10, 24, 16, 9, 26]","[0, 2, 6, 5, 4, 2, 4, 9, 1, 1, 1, 0]",robust,,,26.0,,600.0,True,True
j10,1,2,STNU_robust,,True,32.0,0.43900489807128906,0.003999233245849609,"[0, 10, 0, 0, 0, 7, 27, 14, 27, 19, 12, 32]","[0, 3, 10, 2, 4, 5, 3, 3, 1, 8, 2, 0]",robust,,,26.0,,600.0,True,True
j10,1,2,STNU_robust,,True,28.0,0.43900489807128906,0.003998517990112305,"[0, 7, 0, 0, 0, 7, 22, 10, 24, 16, 9, 27]","[0, 2, 4, 4, 1, 1, 6, 9, 1, 6, 1, 0]",robust,,,26.0,,600.0,True,True
j10,3,2,proactive_quantile_0.9,600.0,True,45.0,0.029001712799072266,0.0,"[0, 20, 0, 22, 25, 11, 20, 22, 36, 30, 27, 41]","[0, 2, 9, 2, 14, 6, 1, 1, 2, 15, 8, 0]",quantile_0.9,"[0, 2, 10, 5, 13, 9, 5, 8, 8, 14, 9, 0]","[0, 20, 0, 22, 25, 11, 20, 22, 36, 30, 27, 41]",37.0,,,,
j10,3,2,proactive_quantile_0.9,600.0,True,45.0,0.029001712799072266,0.0,"[0, 20, 0, 22, 25, 11, 20, 22, 36, 30, 27, 41]","[0, 2, 7, 2, 5, 5, 3, 5, 4, 15, 3, 0]",quantile_0.9,"[0, 2, 10, 5, 13, 9, 5, 8, 8, 14, 9, 0]","[0, 20, 0, 22, 25, 11, 20, 22, 36, 30, 27, 41]",41.0,,,,
j10,3,2,proactive_quantile_0.9,600.0,True,42.0,0.029001712799072266,0.0,"[0, 20, 0, 22, 25, 11, 20, 22, 36, 30, 27, 41]","[0, 1, 8, 2, 4, 8, 1, 7, 6, 12, 8, 0]",quantile_0.9,"[0, 2, 10, 5, 13, 9, 5, 8, 8, 14, 9, 0]","[0, 20, 0, 22, 25, 11, 20, 22, 36, 30, 27, 41]",40.0,,,,
j10,3,2,proactive_quantile_0.9,600.0,True,41.0,0.029001712799072266,0.0,"[0, 20, 0, 22, 25, 11, 20, 22, 36, 30, 27, 41]","[0, 2, 7, 2, 4, 1, 5, 2, 1, 11, 4, 0]",quantile_0.9,"[0, 2, 10, 5, 13, 9, 5, 8, 8, 14, 9, 0]","[0, 20, 0, 22, 25, 11, 20, 22, 36, 30, 27, 41]",34.0,,,,
j10,3,2,proactive_quantile_0.9,600.0,True,42.0,0.029001712799072266,0.0,"[0, 20, 0, 22, 25, 11, 20, 22, 36, 30, 27, 41]","[0, 2, 11, 2, 11, 8, 4, 7, 6, 4, 4, 0]",quantile_0.9,"[0, 2, 10, 5, 13, 9, 5, 8, 8, 14, 9, 0]","[0, 20, 0, 22, 25, 11, 20, 22, 36, 30, 27, 41]",38.0,,,,
j10,3,2,proactive_quantile_0.9,600.0,True,42.0,0.029001712799072266,0.0,"[0, 20, 0, 22, 25, 11, 20, 22, 36, 30, 27, 41]","[0, 1, 9, 2, 14, 5, 1, 6, 4, 12, 3, 0]",quantile_0.9,"[0, 2, 10, 5, 13, 9, 5, 8, 8, 14, 9, 0]","[0, 20, 0, 22, 25, 11, 20, 22, 36, 30, 27, 41]",39.0,,,,
j10,3,2,proactive_quantile_0.9,600.0,True,41.0,0.029001712799072266,0.0,"[0, 20, 0, 22, 25, 11, 20, 22, 36, 30, 27, 41]","[0, 2, 1, 5, 12, 3, 3, 2, 1, 9, 4, 0]",quantile_0.9,"[0, 2, 10, 5, 13, 9, 5, 8, 8, 14, 9, 0]","[0, 20, 0, 22, 25, 11, 20, 22, 36, 30, 27, 41]",35.0,,,,
j10,3,2,proactive_quantile_0.9,600.0,True,43.0,0.029001712799072266,0.0,"[0, 20, 0, 22, 25, 11, 20, 22, 36, 30, 27, 41]","[0, 2, 8, 5, 14, 6, 2, 4, 7, 11, 1, 0]",quantile_0.9,"[0, 2, 10, 5, 13, 9, 5, 8, 8, 14, 9, 0]","[0, 20, 0, 22, 25, 11, 20, 22, 36, 30, 27, 41]",36.0,,,,
j10,3,2,proactive_quantile_0.9,600.0,True,43.0,0.029001712799072266,0.0,"[0, 20, 0, 22, 25, 11, 20, 22, 36, 30, 27, 41]","[0, 1, 11, 2, 10, 4, 5, 3, 7, 3, 9, 0]",quantile_0.9,"[0, 2, 10, 5, 13, 9, 5, 8, 8, 14, 9, 0]","[0, 20, 0, 22, 25, 11, 20, 22, 36, 30, 27, 41]",38.0,,,,
j10,3,2,proactive_quantile_0.9,600.0,True,42.0,0.029001712799072266,0.0,"[0, 20, 0, 22, 25, 11, 20, 22, 36, 30, 27, 41]","[0, 2, 8, 2, 4, 4, 1, 1, 6, 9, 5, 0]",quantile_0.9,"[0, 2, 10, 5, 13, 9, 5, 8, 8, 14, 9, 0]","[0, 20, 0, 22, 25, 11, 20, 22, 36, 30, 27, 41]",32.0,,,,
j10,3,2,reactive,600.0,True,45.0,0.029001712799072266,0.20200443267822266,"[0, 20, 0, 22, 25, 11, 20, 22, 36, 30, 27, 41]","[0, 2, 9, 2, 14, 6, 1, 1, 2, 15, 8, 0]",quantile_0.9,"[0, 2, 9, 2, 14, 6, 1, 1, 2, 14, 8, 0]","[0, 20, 0, 22, 25, 11, 20, 22, 36, 30, 27, 41]",37.0,2.0,,,
j10,3,2,reactive,600.0,True,45.0,0.029001712799072266,0.19801688194274902,"[0, 20, 0, 22, 25, 11, 20, 22, 30, 30, 27, 40]","[0, 2, 7, 2, 5, 5, 3, 5, 4, 15, 3, 0]",quantile_0.9,"[0, 2, 7, 2, 5, 5, 3, 5, 4, 14, 3, 0]","[0, 20, 0, 22, 25, 11, 20, 22, 36, 30, 27, 41]",41.0,2.0,,,
j10,3,2,reactive,600.0,True,42.0,0.029001712799072266,0.22301030158996582,"[0, 20, 0, 22, 25, 11, 20, 22, 36, 30, 27, 41]","[0, 1, 8, 2, 4, 8, 1, 7, 6, 12, 8, 0]",quantile_0.9,"[0, 1, 8, 2, 4, 8, 1, 7, 6, 14, 8, 0]","[0, 20, 0, 22, 25, 11, 20, 22, 36, 30, 27, 41]",40.0,2.0,,,
j10,3,2,reactive,600.0,True,41.0,0.029001712799072266,0.1730053424835205,"[0, 20, 0, 22, 25, 11, 20, 22, 25, 30, 27, 40]","[0, 2, 7, 2, 4, 1, 5, 2, 1, 11, 4, 0]",quantile_0.9,"[0, 2, 7, 2, 4, 1, 5, 2, 1, 14, 4, 0]","[0, 20, 0, 22, 25, 11, 20, 22, 36, 30, 27, 41]",34.0,2.0,,,
j10,3,2,reactive,600.0,True,42.0,0.029001712799072266,0.2260150909423828,"[0, 20, 0, 22, 25, 11, 20, 22, 36, 30, 27, 41]","[0, 2, 11, 2, 11, 8, 4, 7, 6, 4, 4, 0]",quantile_0.9,"[0, 2, 11, 2, 11, 8, 4, 7, 6, 4, 4, 0]","[0, 20, 0, 22, 25, 11, 20, 22, 36, 30, 27, 41]",38.0,2.0,,,
j10,3,2,reactive,600.0,True,42.0,0.029001712799072266,0.23300766944885254,"[0, 20, 0, 22, 25, 11, 20, 22, 36, 30, 27, 41]","[0, 1, 9, 2, 14, 5, 1, 6, 4, 12, 3, 0]",quantile_0.9,"[0, 1, 9, 2, 14, 5, 1, 6, 4, 14, 3, 0]","[0, 20, 0, 22, 25, 11, 20, 22, 36, 30, 27, 41]",39.0,2.0,,,
j10,3,2,reactive,600.0,True,41.0,0.029001712799072266,0.20101666450500488,"[0, 20, 0, 22, 25, 11, 20, 22, 36, 30, 27, 41]","[0, 2, 1, 5, 12, 3, 3, 2, 1, 9, 4, 0]",quantile_0.9,"[0, 2, 1, 5, 12, 3, 3, 2, 1, 9, 4, 0]","[0, 20, 0, 22, 25, 11, 20, 22, 36, 30, 27, 41]",35.0,2.0,,,
j10,3,2,reactive,600.0,True,43.0,0.029001712799072266,0.20299935340881348,"[0, 20, 0, 22, 25, 11, 20, 22, 36, 30, 27, 41]","[0, 2, 8, 5, 14, 6, 2, 4, 7, 11, 1, 0]",quantile_0.9,"[0, 2, 8, 5, 14, 6, 2, 4, 7, 11, 1, 0]","[0, 20, 0, 22, 25, 11, 20, 22, 36, 30, 27, 41]",36.0,2.0,,,
j10,3,2,reactive,600.0,True,43.0,0.029001712799072266,0.18500256538391113,"[0, 20, 0, 22, 25, 11, 20, 22, 36, 30, 27, 41]","[0, 1, 11, 2, 10, 4, 5, 3, 7, 3, 9, 0]",quantile_0.9,"[0, 1, 11, 2, 10, 4, 5, 3, 8, 3, 9, 0]","[0, 20, 0, 22, 25, 11, 20, 22, 36, 30, 27, 41]",38.0,2.0,,,
j10,3,2,reactive,600.0,True,42.0,0.029001712799072266,0.22800922393798828,"[0, 20, 0, 22, 25, 11, 20, 22, 36, 30, 27, 41]","[0, 2, 8, 2, 4, 4, 1, 1, 6, 9, 5, 0]",quantile_0.9,"[0, 2, 8, 2, 4, 4, 1, 1, 6, 9, 5, 0]","[0, 20, 0, 22, 25, 11, 20, 22, 36, 30, 27, 41]",32.0,2.0,,,
j10,3,2,proactive_SAA_smart,1800.0,True,45.0,0.11102056503295898,0.0,"[0, 10, 0, 20, 26, 12, 21, 22, 35, 30, 26, 40]","[0, 2, 9, 2, 14, 6, 1, 1, 2, 15, 8, 0]",SAA_smart,,"[0, 10, 0, 20, 26, 12, 21, 22, 35, 30, 26, 40]",37.0,,,,
j10,3,2,proactive_SAA_smart,1800.0,True,45.0,0.11102056503295898,0.0,"[0, 10, 0, 20, 26, 12, 21, 22, 35, 30, 26, 40]","[0, 2, 7, 2, 5, 5, 3, 5, 4, 15, 3, 0]",SAA_smart,,"[0, 10, 0, 20, 26, 12, 21, 22, 35, 30, 26, 40]",41.0,,,,
j10,3,2,proactive_SAA_smart,1800.0,True,42.0,0.11102056503295898,0.0,"[0, 10, 0, 20, 26, 12, 21, 22, 35, 30, 26, 40]","[0, 1, 8, 2, 4, 8, 1, 7, 6, 12, 8, 0]",SAA_smart,,"[0, 10, 0, 20, 26, 12, 21, 22, 35, 30, 26, 40]",40.0,,,,
j10,3,2,proactive_SAA_smart,1800.0,True,41.0,0.11102056503295898,0.0,"[0, 10, 0, 20, 26, 12, 21, 22, 35, 30, 26, 40]","[0, 2, 7, 2, 4, 1, 5, 2, 1, 11, 4, 0]",SAA_smart,,"[0, 10, 0, 20, 26, 12, 21, 22, 35, 30, 26, 40]",34.0,,,,
j10,3,2,proactive_SAA_smart,1800.0,False,inf,0.11102056503295898,inf,"[0, 10, 0, 20, 26, 12, 21, 22, 35, 30, 26, 40]","[0, 2, 11, 2, 11, 8, 4, 7, 6, 4, 4, 0]",SAA_smart,,"[0, 10, 0, 20, 26, 12, 21, 22, 35, 30, 26, 40]",38.0,,,,
j10,3,2,proactive_SAA_smart,1800.0,True,42.0,0.11102056503295898,0.0,"[0, 10, 0, 20, 26, 12, 21, 22, 35, 30, 26, 40]","[0, 1, 9, 2, 14, 5, 1, 6, 4, 12, 3, 0]",SAA_smart,,"[0, 10, 0, 20, 26, 12, 21, 22, 35, 30, 26, 40]",39.0,,,,
j10,3,2,proactive_SAA_smart,1800.0,True,40.0,0.11102056503295898,0.0,"[0, 10, 0, 20, 26, 12, 21, 22, 35, 30, 26, 40]","[0, 2, 1, 5, 12, 3, 3, 2, 1, 9, 4, 0]",SAA_smart,,"[0, 10, 0, 20, 26, 12, 21, 22, 35, 30, 26, 40]",35.0,,,,
j10,3,2,proactive_SAA_smart,1800.0,True,42.0,0.11102056503295898,0.0,"[0, 10, 0, 20, 26, 12, 21, 22, 35, 30, 26, 40]","[0, 2, 8, 5, 14, 6, 2, 4, 7, 11, 1, 0]",SAA_smart,,"[0, 10, 0, 20, 26, 12, 21, 22, 35, 30, 26, 40]",36.0,,,,
j10,3,2,proactive_SAA_smart,1800.0,False,inf,0.11102056503295898,inf,"[0, 10, 0, 20, 26, 12, 21, 22, 35, 30, 26, 40]","[0, 1, 11, 2, 10, 4, 5, 3, 7, 3, 9, 0]",SAA_smart,,"[0, 10, 0, 20, 26, 12, 21, 22, 35, 30, 26, 40]",38.0,,,,
j10,3,2,proactive_SAA_smart,1800.0,True,41.0,0.11102056503295898,0.0,"[0, 10, 0, 20, 26, 12, 21, 22, 35, 30, 26, 40]","[0, 2, 8, 2, 4, 4, 1, 1, 6, 9, 5, 0]",SAA_smart,,"[0, 10, 0, 20, 26, 12, 21, 22, 35, 30, 26, 40]",32.0,,,,
j10,3,2,STNU_robust,,True,38.0,0.4320070743560791,0.003996849060058594,"[0, 17, 0, 20, 21, 11, 20, 21, 33, 22, 25, 38]","[0, 2, 9, 2, 14, 6, 1, 1, 2, 15, 8, 0]",robust,,,37.0,,600.0,True,True
j10,3,2,STNU_robust,,True,41.0,0.4320070743560791,0.0029997825622558594,"[0, 16, 0, 20, 23, 11, 20, 21, 28, 26, 25, 36]","[0, 2, 7, 2, 5, 5, 3, 5, 4, 15, 3, 0]",robust,,,41.0,,600.0,True,True
j10,3,2,STNU_robust,,True,40.0,0.4320070743560791,0.003000020980834961,"[0, 19, 0, 20, 21, 11, 20, 21, 33, 28, 25, 38]","[0, 1, 8, 2, 4, 8, 1, 7, 6, 12, 8, 0]",robust,,,40.0,,600.0,True,True
j10,3,2,STNU_robust,,True,36.0,0.4320070743560791,0.0030143260955810547,"[0, 12, 0, 20, 25, 11, 20, 21, 29, 25, 25, 35]","[0, 2, 7, 2, 4, 1, 5, 2, 1, 11, 4, 0]",robust,,,34.0,,600.0,True,True
j10,3,2,STNU_robust,,True,38.0,0.4320070743560791,0.003991842269897461,"[0, 19, 0, 21, 24, 11, 20, 21, 30, 28, 26, 38]","[0, 2, 11, 2, 11, 8, 4, 7, 6, 4, 4, 0]",robust,,,38.0,,600.0,True,True
j10,3,2,STNU_robust,,True,39.0,0.4320070743560791,0.003996133804321289,"[0, 16, 0, 20, 21, 11, 20, 21, 28, 27, 25, 37]","[0, 1, 9, 2, 14, 5, 1, 6, 4, 12, 3, 0]",robust,,,39.0,,600.0,True,True
j10,3,2,STNU_robust,,True,35.0,0.4320070743560791,0.0039997100830078125,"[0, 14, 0, 20, 23, 11, 20, 21, 29, 25, 25, 35]","[0, 2, 1, 5, 12, 3, 3, 2, 1, 9, 4, 0]",robust,,,35.0,,600.0,True,True
j10,3,2,STNU_robust,,True,36.0,0.4320070743560791,0.003999471664428711,"[0, 17, 0, 20, 22, 11, 20, 21, 26, 25, 25, 35]","[0, 2, 8, 5, 14, 6, 2, 4, 7, 11, 1, 0]",robust,,,36.0,,600.0,True,True
j10,3,2,STNU_robust,,True,41.0,0.4320070743560791,0.003997325897216797,"[0, 15, 0, 20, 25, 11, 20, 21, 34, 25, 25, 39]","[0, 1, 11, 2, 10, 4, 5, 3, 7, 3, 9, 0]",robust,,,38.0,,600.0,True,True
j10,3,2,STNU_robust,,True,36.0,0.4320070743560791,0.0030012130737304688,"[0, 15, 0, 20, 21, 11, 20, 21, 30, 22, 25, 35]","[0, 2, 8, 2, 4, 4, 1, 1, 6, 9, 5, 0]",robust,,,32.0,,600.0,True,True
j10,4,2,proactive_quantile_0.9,600.0,False,inf,inf,inf,,"[0, 7, 1, 1, 2, 7, 2, 1, 1, 4, 8, 0]",quantile_0.9,"[0, 11, 3, 8, 5, 11, 2, 8, 9, 14, 10, 0]",,35.0,,,,
j10,4,2,proactive_quantile_0.9,600.0,False,inf,inf,inf,,"[0, 8, 2, 3, 5, 7, 1, 5, 3, 7, 8, 0]",quantile_0.9,"[0, 11, 3, 8, 5, 11, 2, 8, 9, 14, 10, 0]",,36.0,,,,
j10,4,2,proactive_quantile_0.9,600.0,False,inf,inf,inf,,"[0, 9, 2, 2, 1, 8, 2, 2, 8, 9, 10, 0]",quantile_0.9,"[0, 11, 3, 8, 5, 11, 2, 8, 9, 14, 10, 0]",,37.0,,,,
j10,4,2,proactive_quantile_0.9,600.0,False,inf,inf,inf,,"[0, 3, 1, 5, 2, 10, 1, 6, 4, 13, 10, 0]",quantile_0.9,"[0, 11, 3, 8, 5, 11, 2, 8, 9, 14, 10, 0]",,38.0,,,,
j10,4,2,proactive_quantile_0.9,600.0,False,inf,inf,inf,,"[0, 3, 1, 3, 5, 2, 2, 4, 3, 3, 5, 0]",quantile_0.9,"[0, 11, 3, 8, 5, 11, 2, 8, 9, 14, 10, 0]",,33.0,,,,
j10,4,2,proactive_quantile_0.9,600.0,False,inf,inf,inf,,"[0, 6, 2, 2, 4, 8, 1, 1, 3, 13, 8, 0]",quantile_0.9,"[0, 11, 3, 8, 5, 11, 2, 8, 9, 14, 10, 0]",,37.0,,,,
j10,4,2,proactive_quantile_0.9,600.0,False,inf,inf,inf,,"[0, 9, 2, 8, 4, 12, 1, 7, 1, 11, 8, 0]",quantile_0.9,"[0, 11, 3, 8, 5, 11, 2, 8, 9, 14, 10, 0]",,44.0,,,,
j10,4,2,proactive_quantile_0.9,600.0,False,inf,inf,inf,,"[0, 9, 2, 2, 4, 2, 1, 6, 7, 7, 6, 0]",quantile_0.9,"[0, 11, 3, 8, 5, 11, 2, 8, 9, 14, 10, 0]",,42.0,,,,
j10,4,2,reactive,600.0,False,inf,inf,inf,,"[0, 7, 1, 1, 2, 7, 2, 1, 1, 4, 8, 0]",quantile_0.9,"[0, 11, 3, 8, 5, 11, 2, 8, 9, 14, 10, 0]",,35.0,2.0,,,
j10,4,2,reactive,600.0,False,inf,inf,inf,,"[0, 8, 2, 3, 5, 7, 1, 5, 3, 7, 8, 0]",quantile_0.9,"[0, 11, 3, 8, 5, 11, 2, 8, 9, 14, 10, 0]",,36.0,2.0,,,
j10,4,2,reactive,600.0,False,inf,inf,inf,,"[0, 9, 2, 2, 1, 8, 2, 2, 8, 9, 10, 0]",quantile_0.9,"[0, 11, 3, 8, 5, 11, 2, 8, 9, 14, 10, 0]",,37.0,2.0,,,
j10,4,2,reactive,600.0,False,inf,inf,inf,,"[0, 3, 1, 5, 2, 10, 1, 6, 4, 13, 10, 0]",quantile_0.9,"[0, 11, 3, 8, 5, 11, 2, 8, 9, 14, 10, 0]",,38.0,2.0,,,
j10,4,2,reactive,600.0,False,inf,inf,inf,,"[0, 3, 1, 3, 5, 2, 2, 4, 3, 3, 5, 0]",quantile_0.9,"[0, 11, 3, 8, 5, 11, 2, 8, 9, 14, 10, 0]",,33.0,2.0,,,
j10,4,2,reactive,600.0,False,inf,inf,inf,,"[0, 6, 2, 2, 4, 8, 1, 1, 3, 13, 8, 0]",quantile_0.9,"[0, 11, 3, 8, 5, 11, 2, 8, 9, 14, 10, 0]",,37.0,2.0,,,
j10,4,2,reactive,600.0,False,inf,inf,inf,,"[0, 9, 2, 8, 4, 12, 1, 7, 1, 11, 8, 0]",quantile_0.9,"[0, 11, 3, 8, 5, 11, 2, 8, 9, 14, 10, 0]",,44.0,2.0,,,
j10,4,2,reactive,600.0,False,inf,inf,inf,,"[0, 9, 2, 2, 4, 2, 1, 6, 7, 7, 6, 0]",quantile_0.9,"[0, 11, 3, 8, 5, 11, 2, 8, 9, 14, 10, 0]",,42.0,2.0,,,
j10,4,2,proactive_SAA_smart,1800.0,False,inf,inf,inf,,"[0, 7, 1, 1, 2, 7, 2, 1, 1, 4, 8, 0]",SAA_smart,,,35.0,,,,
j10,4,2,proactive_SAA_smart,1800.0,False,inf,inf,inf,,"[0, 8, 2, 3, 5, 7, 1, 5, 3, 7, 8, 0]",SAA_smart,,,36.0,,,,
j10,4,2,proactive_SAA_smart,1800.0,False,inf,inf,inf,,"[0, 9, 2, 2, 1, 8, 2, 2, 8, 9, 10, 0]",SAA_smart,,,37.0,,,,
j10,4,2,proactive_SAA_smart,1800.0,False,inf,inf,inf,,"[0, 3, 1, 5, 2, 10, 1, 6, 4, 13, 10, 0]",SAA_smart,,,38.0,,,,
j10,4,2,proactive_SAA_smart,1800.0,False,inf,inf,inf,,"[0, 3, 1, 3, 5, 2, 2, 4, 3, 3, 5, 0]",SAA_smart,,,33.0,,,,
j10,4,2,proactive_SAA_smart,1800.0,False,inf,inf,inf,,"[0, 6, 2, 2, 4, 8, 1, 1, 3, 13, 8, 0]",SAA_smart,,,37.0,,,,
j10,4,2,proactive_SAA_smart,1800.0,False,inf,inf,inf,,"[0, 9, 2, 8, 4, 12, 1, 7, 1, 11, 8, 0]",SAA_smart,,,44.0,,,,
j10,4,2,proactive_SAA_smart,1800.0,False,inf,inf,inf,,"[0, 9, 2, 2, 4, 2, 1, 6, 7, 7, 6, 0]",SAA_smart,,,42.0,,,,
j10,4,2,STNU_robust,,False,inf,inf,inf,,"[0, 7, 1, 1, 2, 7, 2, 1, 1, 4, 8, 0]",robust,,,35.0,,600.0,,False
j10,4,2,STNU_robust,,False,inf,inf,inf,,"[0, 8, 2, 3, 5, 7, 1, 5, 3, 7, 8, 0]",robust,,,36.0,,600.0,,False
j10,4,2,STNU_robust,,False,inf,inf,inf,,"[0, 9, 2, 2, 1, 8, 2, 2, 8, 9, 10, 0]",robust,,,37.0,,600.0,,False
j10,4,2,STNU_robust,,False,inf,inf,inf,,"[0, 3, 1, 5, 2, 10, 1, 6, 4, 13, 10, 0]",robust,,,38.0,,600.0,,False
j10,4,2,STNU_robust,,False,inf,inf,inf,,"[0, 3, 1, 3, 5, 2, 2, 4, 3, 3, 5, 0]",robust,,,33.0,,600.0,,False
j10,4,2,STNU_robust,,False,inf,inf,inf,,"[0, 6, 2, 2, 4, 8, 1, 1, 3, 13, 8, 0]",robust,,,37.0,,600.0,,False
j10,4,2,STNU_robust,,False,inf,inf,inf,,"[0, 9, 2, 8, 4, 12, 1, 7, 1, 11, 8, 0]",robust,,,44.0,,600.0,,False
j10,4,2,STNU_robust,,False,inf,inf,inf,,"[0, 9, 2, 2, 4, 2, 1, 6, 7, 7, 6, 0]",robust,,,42.0,,600.0,,False
j10,5,2,proactive_quantile_0.9,600.0,False,inf,0.028003215789794922,inf,"[0, 0, 19, 13, 10, 32, 19, 34, 16, 19, 35, 44]","[0, 8, 14, 1, 1, 2, 7, 1, 1, 2, 10, 0]",quantile_0.9,"[0, 13, 13, 3, 5, 3, 11, 9, 3, 7, 13, 0]","[0, 0, 19, 13, 10, 32, 19, 34, 16, 19, 35, 44]",32.0,,,,
j10,5,2,proactive_quantile_0.9,600.0,True,48.0,0.028003215789794922,0.0,"[0, 0, 19, 13, 10, 32, 19, 34, 16, 19, 35, 44]","[0, 9, 12, 3, 5, 3, 7, 3, 1, 4, 13, 0]",quantile_0.9,"[0, 13, 13, 3, 5, 3, 11, 9, 3, 7, 13, 0]","[0, 0, 19, 13, 10, 32, 19, 34, 16, 19, 35, 44]",39.0,,,,
j10,5,2,proactive_quantile_0.9,600.0,True,47.0,0.028003215789794922,0.0,"[0, 0, 19, 13, 10, 32, 19, 34, 16, 19, 35, 44]","[0, 5, 7, 2, 2, 3, 2, 7, 2, 2, 12, 0]",quantile_0.9,"[0, 13, 13, 3, 5, 3, 11, 9, 3, 7, 13, 0]","[0, 0, 19, 13, 10, 32, 19, 34, 16, 19, 35, 44]",28.0,,,,
j10,5,2,proactive_quantile_0.9,600.0,True,44.0,0.028003215789794922,0.0010006427764892578,"[0, 0, 19, 13, 10, 32, 19, 34, 16, 19, 35, 44]","[0, 10, 9, 2, 2, 1, 3, 9, 1, 6, 6, 0]",quantile_0.9,"[0, 13, 13, 3, 5, 3, 11, 9, 3, 7, 13, 0]","[0, 0, 19, 13, 10, 32, 19, 34, 16, 19, 35, 44]",26.0,,,,
j10,5,2,proactive_quantile_0.9,600.0,True,44.0,0.028003215789794922,0.0,"[0, 0, 19, 13, 10, 32, 19, 34, 16, 19, 35, 44]","[0, 13, 12, 1, 4, 3, 7, 2, 2, 4, 7, 0]",quantile_0.9,"[0, 13, 13, 3, 5, 3, 11, 9, 3, 7, 13, 0]","[0, 0, 19, 13, 10, 32, 19, 34, 16, 19, 35, 44]",34.0,,,,
j10,5,2,proactive_quantile_0.9,600.0,True,44.0,0.028003215789794922,0.0,"[0, 0, 19, 13, 10, 32, 19, 34, 16, 19, 35, 44]","[0, 11, 4, 1, 3, 1, 2, 4, 2, 3, 3, 0]",quantile_0.9,"[0, 13, 13, 3, 5, 3, 11, 9, 3, 7, 13, 0]","[0, 0, 19, 13, 10, 32, 19, 34, 16, 19, 35, 44]",24.0,,,,
j10,5,2,proactive_quantile_0.9,600.0,True,45.0,0.028003215789794922,0.0,"[0, 0, 19, 13, 10, 32, 19, 34, 16, 19, 35, 44]","[0, 7, 12, 3, 3, 2, 10, 7, 2, 4, 10, 0]",quantile_0.9,"[0, 13, 13, 3, 5, 3, 11, 9, 3, 7, 13, 0]","[0, 0, 19, 13, 10, 32, 19, 34, 16, 19, 35, 44]",36.0,,,,
j10,5,2,proactive_quantile_0.9,600.0,True,45.0,0.028003215789794922,0.0,"[0, 0, 19, 13, 10, 32, 19, 34, 16, 19, 35, 44]","[0, 10, 7, 2, 2, 3, 10, 1, 3, 3, 10, 0]",quantile_0.9,"[0, 13, 13, 3, 5, 3, 11, 9, 3, 7, 13, 0]","[0, 0, 19, 13, 10, 32, 19, 34, 16, 19, 35, 44]",38.0,,,,
j10,5,2,proactive_quantile_0.9,600.0,True,44.0,0.028003215789794922,0.0009996891021728516,"[0, 0, 19, 13, 10, 32, 19, 34, 16, 19, 35, 44]","[0, 10, 12, 1, 3, 3, 2, 9, 2, 2, 6, 0]",quantile_0.9,"[0, 13, 13, 3, 5, 3, 11, 9, 3, 7, 13, 0]","[0, 0, 19, 13, 10, 32, 19, 34, 16, 19, 35, 44]",27.0,,,,
j10,5,2,proactive_quantile_0.9,600.0,True,44.0,0.028003215789794922,0.0009989738464355469,"[0, 0, 19, 13, 10, 32, 19, 34, 16, 19, 35, 44]","[0, 3, 11, 2, 5, 2, 8, 3, 1, 4, 8, 0]",quantile_0.9,"[0, 13, 13, 3, 5, 3, 11, 9, 3, 7, 13, 0]","[0, 0, 19, 13, 10, 32, 19, 34, 16, 19, 35, 44]",27.0,,,,
j10,5,2,reactive,600.0,False,inf,inf,inf,,"[0, 8, 14, 1, 1, 2, 7, 1, 1, 2, 10, 0]",quantile_0.9,"[0, 8, 14, 1, 1, 3, 7, 9, 1, 2, 13, 0]","[0, 0, 19, 13, 10, 32, 19, 34, 16, 19, 35, 44]",32.0,2.0,,,
j10,5,2,reactive,600.0,True,48.0,0.028003215789794922,0.172013521194458,"[0, 0, 19, 13, 10, 32, 19, 34, 16, 19, 35, 44]","[0, 9, 12, 3, 5, 3, 7, 3, 1, 4, 13, 0]",quantile_0.9,"[0, 9, 12, 3, 5, 3, 7, 3, 1, 4, 13, 0]","[0, 0, 19, 13, 10, 32, 19, 34, 16, 19, 35, 44]",39.0,2.0,,,
j10,5,2,reactive,600.0,True,47.0,0.028003215789794922,0.21100211143493652,"[0, 0, 19, 13, 10, 32, 19, 34, 16, 19, 35, 44]","[0, 5, 7, 2, 2, 3, 2, 7, 2, 2, 12, 0]",quantile_0.9,"[0, 5, 7, 2, 2, 3, 2, 7, 2, 2, 13, 0]","[0, 0, 19, 13, 10, 32, 19, 34, 16, 19, 35, 44]",28.0,2.0,,,
j10,5,2,reactive,600.0,True,44.0,0.028003215789794922,0.2290053367614746,"[0, 0, 19, 13, 10, 32, 19, 34, 16, 19, 35, 44]","[0, 10, 9, 2, 2, 1, 3, 9, 1, 6, 6, 0]",quantile_0.9,"[0, 10, 9, 2, 2, 1, 3, 9, 1, 6, 6, 0]","[0, 0, 19, 13, 10, 32, 19, 34, 16, 19, 35, 44]",26.0,2.0,,,
j10,5,2,reactive,600.0,True,44.0,0.028003215789794922,0.2070024013519287,"[0, 0, 19, 13, 10, 32, 19, 34, 16, 19, 35, 44]","[0, 13, 12, 1, 4, 3, 7, 2, 2, 4, 7, 0]",quantile_0.9,"[0, 13, 12, 1, 4, 3, 7, 2, 2, 4, 7, 0]","[0, 0, 19, 13, 10, 32, 19, 34, 16, 19, 35, 44]",34.0,2.0,,,
j10,5,2,reactive,600.0,True,44.0,0.028003215789794922,0.24700450897216797,"[0, 0, 19, 13, 10, 32, 19, 34, 16, 19, 35, 44]","[0, 11, 4, 1, 3, 1, 2, 4, 2, 3, 3, 0]",quantile_0.9,"[0, 11, 4, 1, 3, 1, 2, 4, 2, 3, 3, 0]","[0, 0, 19, 13, 10, 32, 19, 34, 16, 19, 35, 44]",24.0,2.0,,,
j10,5,2,reactive,600.0,True,45.0,0.028003215789794922,0.20100021362304688,"[0, 0, 19, 13, 10, 32, 19, 34, 16, 19, 35, 44]","[0, 7, 12, 3, 3, 2, 10, 7, 2, 4, 10, 0]",quantile_0.9,"[0, 7, 12, 3, 3, 2, 10, 7, 2, 4, 13, 0]","[0, 0, 19, 13, 10, 32, 19, 34, 16, 19, 35, 44]",36.0,2.0,,,
j10,5,2,reactive,600.0,True,45.0,0.028003215789794922,0.1840057373046875,"[0, 0, 19, 13, 10, 32, 19, 34, 16, 19, 35, 44]","[0, 10, 7, 2, 2, 3, 10, 1, 3, 3, 10, 0]",quantile_0.9,"[0, 10, 7, 2, 2, 3, 10, 1, 3, 3, 13, 0]","[0, 0, 19, 13, 10, 32, 19, 34, 16, 19, 35, 44]",38.0,2.0,,,
j10,5,2,reactive,600.0,True,44.0,0.028003215789794922,0.21400690078735352,"[0, 0, 19, 13, 10, 32, 19, 34, 16, 19, 35, 44]","[0, 10, 12, 1, 3, 3, 2, 9, 2, 2, 6, 0]",quantile_0.9,"[0, 10, 12, 1, 3, 3, 2, 9, 2, 2, 6, 0]","[0, 0, 19, 13, 10, 32, 19, 34, 16, 19, 35, 44]",27.0,2.0,,,
j10,5,2,reactive,600.0,True,44.0,0.028003215789794922,0.22800946235656738,"[0, 0, 19, 13, 10, 32, 19, 34, 16, 19, 35, 44]","[0, 3, 11, 2, 5, 2, 8, 3, 1, 4, 8, 0]",quantile_0.9,"[0, 3, 11, 2, 5, 2, 8, 3, 1, 4, 8, 0]","[0, 0, 19, 13, 10, 32, 19, 34, 16, 19, 35, 44]",27.0,2.0,,,
j10,5,2,proactive_SAA_smart,1800.0,False,inf,0.24501895904541016,inf,"[0, 3, 19, 0, 10, 32, 19, 34, 16, 6, 35, 44]","[0, 8, 14, 1, 1, 2, 7, 1, 1, 2, 10, 0]",SAA_smart,,"[0, 3, 19, 0, 10, 32, 19, 34, 16, 6, 35, 44]",32.0,,,,
j10,5,2,proactive_SAA_smart,1800.0,True,48.0,0.24501895904541016,0.0,"[0, 3, 19, 0, 10, 32, 19, 34, 16, 6, 35, 44]","[0, 9, 12, 3, 5, 3, 7, 3, 1, 4, 13, 0]",SAA_smart,,"[0, 3, 19, 0, 10, 32, 19, 34, 16, 6, 35, 44]",39.0,,,,
j10,5,2,proactive_SAA_smart,1800.0,True,47.0,0.24501895904541016,0.0,"[0, 3, 19, 0, 10, 32, 19, 34, 16, 6, 35, 44]","[0, 5, 7, 2, 2, 3, 2, 7, 2, 2, 12, 0]",SAA_smart,,"[0, 3, 19, 0, 10, 32, 19, 34, 16, 6, 35, 44]",28.0,,,,
j10,5,2,proactive_SAA_smart,1800.0,True,44.0,0.24501895904541016,0.0,"[0, 3, 19, 0, 10, 32, 19, 34, 16, 6, 35, 44]","[0, 10, 9, 2, 2, 1, 3, 9, 1, 6, 6, 0]",SAA_smart,,"[0, 3, 19, 0, 10, 32, 19, 34, 16, 6, 35, 44]",26.0,,,,
j10,5,2,proactive_SAA_smart,1800.0,True,44.0,0.24501895904541016,0.0,"[0, 3, 19, 0, 10, 32, 19, 34, 16, 6, 35, 44]","[0, 13, 12, 1, 4, 3, 7, 2, 2, 4, 7, 0]",SAA_smart,,"[0, 3, 19, 0, 10, 32, 19, 34, 16, 6, 35, 44]",34.0,,,,
j10,5,2,proactive_SAA_smart,1800.0,True,44.0,0.24501895904541016,0.0,"[0, 3, 19, 0, 10, 32, 19, 34, 16, 6, 35, 44]","[0, 11, 4, 1, 3, 1, 2, 4, 2, 3, 3, 0]",SAA_smart,,"[0, 3, 19, 0, 10, 32, 19, 34, 16, 6, 35, 44]",24.0,,,,
j10,5,2,proactive_SAA_smart,1800.0,True,45.0,0.24501895904541016,0.0,"[0, 3, 19, 0, 10, 32, 19, 34, 16, 6, 35, 44]","[0, 7, 12, 3, 3, 2, 10, 7, 2, 4, 10, 0]",SAA_smart,,"[0, 3, 19, 0, 10, 32, 19, 34, 16, 6, 35, 44]",36.0,,,,
j10,5,2,proactive_SAA_smart,1800.0,True,45.0,0.24501895904541016,0.0,"[0, 3, 19, 0, 10, 32, 19, 34, 16, 6, 35, 44]","[0, 10, 7, 2, 2, 3, 10, 1, 3, 3, 10, 0]",SAA_smart,,"[0, 3, 19, 0, 10, 32, 19, 34, 16, 6, 35, 44]",38.0,,,,
j10,5,2,proactive_SAA_smart,1800.0,True,44.0,0.24501895904541016,0.0,"[0, 3, 19, 0, 10, 32, 19, 34, 16, 6, 35, 44]","[0, 10, 12, 1, 3, 3, 2, 9, 2, 2, 6, 0]",SAA_smart,,"[0, 3, 19, 0, 10, 32, 19, 34, 16, 6, 35, 44]",27.0,,,,
j10,5,2,proactive_SAA_smart,1800.0,True,44.0,0.24501895904541016,0.0,"[0, 3, 19, 0, 10, 32, 19, 34, 16, 6, 35, 44]","[0, 3, 11, 2, 5, 2, 8, 3, 1, 4, 8, 0]",SAA_smart,,"[0, 3, 19, 0, 10, 32, 19, 34, 16, 6, 35, 44]",27.0,,,,
j10,5,2,STNU_robust,,False,inf,inf,inf,,"[0, 8, 14, 1, 1, 2, 7, 1, 1, 2, 10, 0]",robust,,,32.0,,600.0,,False
j10,5,2,STNU_robust,,False,inf,inf,inf,,"[0, 9, 12, 3, 5, 3, 7, 3, 1, 4, 13, 0]",robust,,,39.0,,600.0,,False
j10,5,2,STNU_robust,,False,inf,inf,inf,,"[0, 5, 7, 2, 2, 3, 2, 7, 2, 2, 12, 0]",robust,,,28.0,,600.0,,False
j10,5,2,STNU_robust,,False,inf,inf,inf,,"[0, 10, 9, 2, 2, 1, 3, 9, 1, 6, 6, 0]",robust,,,26.0,,600.0,,False
j10,5,2,STNU_robust,,False,inf,inf,inf,,"[0, 13, 12, 1, 4, 3, 7, 2, 2, 4, 7, 0]",robust,,,34.0,,600.0,,False
j10,5,2,STNU_robust,,False,inf,inf,inf,,"[0, 11, 4, 1, 3, 1, 2, 4, 2, 3, 3, 0]",robust,,,24.0,,600.0,,False
j10,5,2,STNU_robust,,False,inf,inf,inf,,"[0, 7, 12, 3, 3, 2, 10, 7, 2, 4, 10, 0]",robust,,,36.0,,600.0,,False
j10,5,2,STNU_robust,,False,inf,inf,inf,,"[0, 10, 7, 2, 2, 3, 10, 1, 3, 3, 10, 0]",robust,,,38.0,,600.0,,False
j10,5,2,STNU_robust,,False,inf,inf,inf,,"[0, 10, 12, 1, 3, 3, 2, 9, 2, 2, 6, 0]",robust,,,27.0,,600.0,,False
j10,5,2,STNU_robust,,False,inf,inf,inf,,"[0, 3, 11, 2, 5, 2, 8, 3, 1, 4, 8, 0]",robust,,,27.0,,600.0,,False
j10,6,2,proactive_quantile_0.9,600.0,False,inf,inf,inf,,"[0, 3, 1, 7, 8, 9, 12, 2, 1, 4, 9, 0]",quantile_0.9,"[0, 3, 8, 7, 9, 14, 14, 8, 2, 13, 9, 0]",,41.0,,,,
j10,6,2,proactive_quantile_0.9,600.0,False,inf,inf,inf,,"[0, 1, 1, 2, 5, 3, 6, 2, 1, 3, 5, 0]",quantile_0.9,"[0, 3, 8, 7, 9, 14, 14, 8, 2, 13, 9, 0]",,23.0,,,,
j10,6,2,proactive_quantile_0.9,600.0,False,inf,inf,inf,,"[0, 1, 8, 2, 2, 6, 3, 1, 2, 9, 5, 0]",quantile_0.9,"[0, 3, 8, 7, 9, 14, 14, 8, 2, 13, 9, 0]",,27.0,,,,
j10,6,2,reactive,600.0,False,inf,inf,inf,,"[0, 3, 1, 7, 8, 9, 12, 2, 1, 4, 9, 0]",quantile_0.9,"[0, 3, 8, 7, 9, 14, 14, 8, 2, 13, 9, 0]",,41.0,2.0,,,
j10,6,2,reactive,600.0,False,inf,inf,inf,,"[0, 1, 1, 2, 5, 3, 6, 2, 1, 3, 5, 0]",quantile_0.9,"[0, 3, 8, 7, 9, 14, 14, 8, 2, 13, 9, 0]",,23.0,2.0,,,
j10,6,2,reactive,600.0,False,inf,inf,inf,,"[0, 1, 8, 2, 2, 6, 3, 1, 2, 9, 5, 0]",quantile_0.9,"[0, 3, 8, 7, 9, 14, 14, 8, 2, 13, 9, 0]",,27.0,2.0,,,
j10,6,2,proactive_SAA_smart,1800.0,False,inf,inf,inf,,"[0, 3, 1, 7, 8, 9, 12, 2, 1, 4, 9, 0]",SAA_smart,,,41.0,,,,
j10,6,2,proactive_SAA_smart,1800.0,False,inf,inf,inf,,"[0, 1, 1, 2, 5, 3, 6, 2, 1, 3, 5, 0]",SAA_smart,,,23.0,,,,
j10,6,2,proactive_SAA_smart,1800.0,False,inf,inf,inf,,"[0, 1, 8, 2, 2, 6, 3, 1, 2, 9, 5, 0]",SAA_smart,,,27.0,,,,
j10,6,2,STNU_robust,,False,inf,inf,inf,,"[0, 3, 1, 7, 8, 9, 12, 2, 1, 4, 9, 0]",robust,,,41.0,,600.0,,False
j10,6,2,STNU_robust,,False,inf,inf,inf,,"[0, 1, 1, 2, 5, 3, 6, 2, 1, 3, 5, 0]",robust,,,23.0,,600.0,,False
j10,6,2,STNU_robust,,False,inf,inf,inf,,"[0, 1, 8, 2, 2, 6, 3, 1, 2, 9, 5, 0]",robust,,,27.0,,600.0,,False
j10,7,2,proactive_quantile_0.9,600.0,False,inf,inf,inf,,"[0, 13, 1, 6, 5, 6, 8, 8, 2, 4, 1, 0]",quantile_0.9,"[0, 13, 2, 7, 14, 11, 8, 8, 5, 13, 5, 0]",,41.0,,,,
j10,7,2,proactive_quantile_0.9,600.0,False,inf,inf,inf,,"[0, 4, 1, 1, 6, 12, 2, 1, 4, 9, 2, 0]",quantile_0.9,"[0, 13, 2, 7, 14, 11, 8, 8, 5, 13, 5, 0]",,43.0,,,,
j10,7,2,proactive_quantile_0.9,600.0,False,inf,inf,inf,,"[0, 12, 1, 7, 12, 5, 8, 7, 5, 14, 2, 0]",quantile_0.9,"[0, 13, 2, 7, 14, 11, 8, 8, 5, 13, 5, 0]",,51.0,,,,
j10,7,2,proactive_quantile_0.9,600.0,False,inf,inf,inf,,"[0, 6, 1, 1, 3, 4, 3, 8, 2, 10, 4, 0]",quantile_0.9,"[0, 13, 2, 7, 14, 11, 8, 8, 5, 13, 5, 0]",,44.0,,,,
j10,7,2,proactive_quantile_0.9,600.0,False,inf,inf,inf,,"[0, 13, 1, 7, 3, 10, 8, 8, 2, 4, 4, 0]",quantile_0.9,"[0, 13, 2, 7, 14, 11, 8, 8, 5, 13, 5, 0]",,45.0,,,,
j10,7,2,reactive,600.0,False,inf,inf,inf,,"[0, 13, 1, 6, 5, 6, 8, 8, 2, 4, 1, 0]",quantile_0.9,"[0, 13, 2, 7, 14, 11, 8, 8, 5, 13, 5, 0]",,41.0,2.0,,,
j10,7,2,reactive,600.0,False,inf,inf,inf,,"[0, 4, 1, 1, 6, 12, 2, 1, 4, 9, 2, 0]",quantile_0.9,"[0, 13, 2, 7, 14, 11, 8, 8, 5, 13, 5, 0]",,43.0,2.0,,,
j10,7,2,reactive,600.0,False,inf,inf,inf,,"[0, 12, 1, 7, 12, 5, 8, 7, 5, 14, 2, 0]",quantile_0.9,"[0, 13, 2, 7, 14, 11, 8, 8, 5, 13, 5, 0]",,51.0,2.0,,,
j10,7,2,reactive,600.0,False,inf,inf,inf,,"[0, 6, 1, 1, 3, 4, 3, 8, 2, 10, 4, 0]",quantile_0.9,"[0, 13, 2, 7, 14, 11, 8, 8, 5, 13, 5, 0]",,44.0,2.0,,,
j10,7,2,reactive,600.0,False,inf,inf,inf,,"[0, 13, 1, 7, 3, 10, 8, 8, 2, 4, 4, 0]",quantile_0.9,"[0, 13, 2, 7, 14, 11, 8, 8, 5, 13, 5, 0]",,45.0,2.0,,,
j10,7,2,proactive_SAA_smart,1800.0,False,inf,inf,inf,,"[0, 13, 1, 6, 5, 6, 8, 8, 2, 4, 1, 0]",SAA_smart,,,41.0,,,,
j10,7,2,proactive_SAA_smart,1800.0,False,inf,inf,inf,,"[0, 4, 1, 1, 6, 12, 2, 1, 4, 9, 2, 0]",SAA_smart,,,43.0,,,,
j10,7,2,proactive_SAA_smart,1800.0,False,inf,inf,inf,,"[0, 12, 1, 7, 12, 5, 8, 7, 5, 14, 2, 0]",SAA_smart,,,51.0,,,,
j10,7,2,proactive_SAA_smart,1800.0,False,inf,inf,inf,,"[0, 6, 1, 1, 3, 4, 3, 8, 2, 10, 4, 0]",SAA_smart,,,44.0,,,,
j10,7,2,proactive_SAA_smart,1800.0,False,inf,inf,inf,,"[0, 13, 1, 7, 3, 10, 8, 8, 2, 4, 4, 0]",SAA_smart,,,45.0,,,,
j10,7,2,STNU_robust,,False,inf,inf,inf,,"[0, 13, 1, 6, 5, 6, 8, 8, 2, 4, 1, 0]",robust,,,41.0,,600.0,,False
j10,7,2,STNU_robust,,False,inf,inf,inf,,"[0, 4, 1, 1, 6, 12, 2, 1, 4, 9, 2, 0]",robust,,,43.0,,600.0,,False
j10,7,2,STNU_robust,,False,inf,inf,inf,,"[0, 12, 1, 7, 12, 5, 8, 7, 5, 14, 2, 0]",robust,,,51.0,,600.0,,False
j10,7,2,STNU_robust,,False,inf,inf,inf,,"[0, 6, 1, 1, 3, 4, 3, 8, 2, 10, 4, 0]",robust,,,44.0,,600.0,,False
j10,7,2,STNU_robust,,False,inf,inf,inf,,"[0, 13, 1, 7, 3, 10, 8, 8, 2, 4, 4, 0]",robust,,,45.0,,600.0,,False
j10,8,2,proactive_quantile_0.9,600.0,True,59.0,0.02900099754333496,0.0,"[0, 14, 0, 5, 32, 27, 25, 49, 29, 45, 54, 57]","[0, 8, 14, 5, 11, 6, 1, 1, 2, 1, 5, 0]",quantile_0.9,"[0, 13, 14, 7, 13, 9, 5, 5, 3, 2, 5, 0]","[0, 14, 0, 5, 32, 27, 25, 49, 29, 45, 54, 57]",43.0,,,,
j10,8,2,proactive_quantile_0.9,600.0,True,59.0,0.02900099754333496,0.0,"[0, 14, 0, 5, 32, 27, 25, 49, 29, 45, 54, 57]","[0, 9, 12, 3, 7, 6, 3, 5, 1, 1, 5, 0]",quantile_0.9,"[0, 13, 14, 7, 13, 9, 5, 5, 3, 2, 5, 0]","[0, 14, 0, 5, 32, 27, 25, 49, 29, 45, 54, 57]",44.0,,,,
j10,8,2,proactive_quantile_0.9,600.0,True,57.0,0.02900099754333496,0.0,"[0, 14, 0, 5, 32, 27, 25, 49, 29, 45, 54, 57]","[0, 5, 7, 2, 4, 8, 1, 2, 2, 2, 2, 0]",quantile_0.9,"[0, 13, 14, 7, 13, 9, 5, 5, 3, 2, 5, 0]","[0, 14, 0, 5, 32, 27, 25, 49, 29, 45, 54, 57]",38.0,,,,
j10,8,2,proactive_quantile_0.9,600.0,True,57.0,0.02900099754333496,0.0,"[0, 14, 0, 5, 32, 27, 25, 49, 29, 45, 54, 57]","[0, 4, 3, 5, 4, 9, 1, 4, 3, 2, 1, 0]",quantile_0.9,"[0, 13, 14, 7, 13, 9, 5, 5, 3, 2, 5, 0]","[0, 14, 0, 5, 32, 27, 25, 49, 29, 45, 54, 57]",40.0,,,,
j10,8,2,proactive_quantile_0.9,600.0,True,57.0,0.02900099754333496,0.0,"[0, 14, 0, 5, 32, 27, 25, 49, 29, 45, 54, 57]","[0, 10, 6, 7, 8, 2, 2, 4, 1, 1, 2, 0]",quantile_0.9,"[0, 13, 14, 7, 13, 9, 5, 5, 3, 2, 5, 0]","[0, 14, 0, 5, 32, 27, 25, 49, 29, 45, 54, 57]",37.0,,,,
j10,8,2,proactive_quantile_0.9,600.0,False,inf,0.02900099754333496,inf,"[0, 14, 0, 5, 32, 27, 25, 49, 29, 45, 54, 57]","[0, 14, 15, 3, 7, 1, 4, 2, 3, 2, 1, 0]",quantile_0.9,"[0, 13, 14, 7, 13, 9, 5, 5, 3, 2, 5, 0]","[0, 14, 0, 5, 32, 27, 25, 49, 29, 45, 54, 57]",49.0,,,,
j10,8,2,proactive_quantile_0.9,600.0,True,57.0,0.02900099754333496,0.0,"[0, 14, 0, 5, 32, 27, 25, 49, 29, 45, 54, 57]","[0, 7, 12, 3, 10, 8, 3, 2, 1, 1, 2, 0]",quantile_0.9,"[0, 13, 14, 7, 13, 9, 5, 5, 3, 2, 5, 0]","[0, 14, 0, 5, 32, 27, 25, 49, 29, 45, 54, 57]",41.0,,,,
j10,8,2,proactive_quantile_0.9,600.0,True,57.0,0.02900099754333496,0.0009953975677490234,"[0, 14, 0, 5, 32, 27, 25, 49, 29, 45, 54, 57]","[0, 6, 10, 7, 10, 5, 4, 2, 3, 1, 1, 0]",quantile_0.9,"[0, 13, 14, 7, 13, 9, 5, 5, 3, 2, 5, 0]","[0, 14, 0, 5, 32, 27, 25, 49, 29, 45, 54, 57]",39.0,,,,
j10,8,2,proactive_quantile_0.9,600.0,True,57.0,0.02900099754333496,0.0,"[0, 14, 0, 5, 32, 27, 25, 49, 29, 45, 54, 57]","[0, 5, 13, 2, 10, 4, 5, 3, 3, 1, 1, 0]",quantile_0.9,"[0, 13, 14, 7, 13, 9, 5, 5, 3, 2, 5, 0]","[0, 14, 0, 5, 32, 27, 25, 49, 29, 45, 54, 57]",42.0,,,,
j10,8,2,proactive_quantile_0.9,600.0,True,59.0,0.02900099754333496,0.0,"[0, 14, 0, 5, 32, 27, 25, 49, 29, 45, 54, 57]","[0, 11, 10, 2, 4, 4, 1, 1, 2, 2, 5, 0]",quantile_0.9,"[0, 13, 14, 7, 13, 9, 5, 5, 3, 2, 5, 0]","[0, 14, 0, 5, 32, 27, 25, 49, 29, 45, 54, 57]",41.0,,,,
j10,8,2,reactive,600.0,True,55.0,0.02900099754333496,0.36000680923461914,"[0, 14, 0, 5, 32, 27, 25, 49, 29, 45, 50, 53]","[0, 8, 14, 5, 11, 6, 1, 1, 2, 1, 5, 0]",quantile_0.9,"[0, 8, 14, 5, 11, 6, 1, 1, 2, 1, 5, 0]","[0, 14, 0, 5, 32, 27, 25, 49, 29, 45, 54, 57]",43.0,2.0,,,
j10,8,2,reactive,600.0,True,54.0,0.02900099754333496,0.4260077476501465,"[0, 14, 0, 5, 32, 27, 25, 49, 29, 23, 39, 52]","[0, 9, 12, 3, 7, 6, 3, 5, 1, 1, 5, 0]",quantile_0.9,"[0, 9, 12, 3, 7, 6, 3, 5, 1, 1, 5, 0]","[0, 14, 0, 5, 32, 27, 25, 49, 29, 45, 54, 57]",44.0,2.0,,,
j10,8,2,reactive,600.0,True,52.0,0.02900099754333496,0.23500585556030273,"[0, 14, 0, 5, 32, 27, 25, 49, 29, 45, 7, 52]","[0, 5, 7, 2, 4, 8, 1, 2, 2, 2, 2, 0]",quantile_0.9,"[0, 5, 7, 2, 4, 8, 1, 2, 2, 2, 2, 0]","[0, 14, 0, 5, 32, 27, 25, 49, 29, 45, 54, 57]",38.0,2.0,,,
j10,8,2,reactive,600.0,True,53.0,0.02900099754333496,0.18200302124023438,"[0, 14, 0, 5, 32, 27, 25, 49, 29, 23, 3, 52]","[0, 4, 3, 5, 4, 9, 1, 4, 3, 2, 1, 0]",quantile_0.9,"[0, 4, 3, 5, 4, 9, 1, 5, 3, 2, 1, 0]","[0, 14, 0, 5, 32, 27, 25, 49, 29, 45, 54, 57]",40.0,2.0,,,
j10,8,2,reactive,600.0,True,53.0,0.02900099754333496,0.27100324630737305,"[0, 14, 0, 5, 32, 27, 25, 49, 29, 24, 12, 52]","[0, 10, 6, 7, 8, 2, 2, 4, 1, 1, 2, 0]",quantile_0.9,"[0, 10, 6, 7, 8, 2, 2, 5, 1, 1, 2, 0]","[0, 14, 0, 5, 32, 27, 25, 49, 29, 45, 54, 57]",37.0,2.0,,,
j10,8,2,reactive,600.0,False,inf,inf,inf,,"[0, 14, 15, 3, 7, 1, 4, 2, 3, 2, 1, 0]",quantile_0.9,"[0, 13, 15, 3, 13, 9, 5, 5, 3, 2, 5, 0]","[0, 14, 0, 5, 32, 27, 25, 49, 29, 45, 54, 57]",49.0,2.0,,,
j10,8,2,reactive,600.0,True,52.0,0.02900099754333496,0.26500630378723145,"[0, 14, 0, 5, 32, 27, 25, 49, 29, 45, 12, 52]","[0, 7, 12, 3, 10, 8, 3, 2, 1, 1, 2, 0]",quantile_0.9,"[0, 7, 12, 3, 10, 8, 3, 2, 1, 1, 2, 0]","[0, 14, 0, 5, 32, 27, 25, 49, 29, 45, 54, 57]",41.0,2.0,,,
j10,8,2,reactive,600.0,True,52.0,0.02900099754333496,0.2120037078857422,"[0, 14, 0, 5, 32, 27, 25, 49, 29, 45, 12, 52]","[0, 6, 10, 7, 10, 5, 4, 2, 3, 1, 1, 0]",quantile_0.9,"[0, 6, 10, 7, 10, 5, 4, 2, 3, 1, 1, 0]","[0, 14, 0, 5, 32, 27, 25, 49, 29, 45, 54, 57]",39.0,2.0,,,
j10,8,2,reactive,600.0,True,52.0,0.02900099754333496,0.21100258827209473,"[0, 14, 0, 5, 32, 27, 25, 49, 29, 45, 13, 52]","[0, 5, 13, 2, 10, 4, 5, 3, 3, 1, 1, 0]",quantile_0.9,"[0, 5, 13, 2, 10, 4, 5, 3, 3, 1, 1, 0]","[0, 14, 0, 5, 32, 27, 25, 49, 29, 45, 54, 57]",42.0,2.0,,,
j10,8,2,reactive,600.0,True,52.0,0.02900099754333496,0.20500588417053223,"[0, 14, 0, 5, 32, 27, 25, 49, 29, 45, 36, 52]","[0, 11, 10, 2, 4, 4, 1, 1, 2, 2, 5, 0]",quantile_0.9,"[0, 11, 10, 2, 4, 4, 1, 1, 2, 2, 5, 0]","[0, 14, 0, 5, 32, 27, 25, 49, 29, 45, 54, 57]",41.0,2.0,,,
j10,8,2,proactive_SAA_smart,1800.0,True,59.0,0.16400504112243652,0.0,"[0, 14, 0, 5, 32, 27, 25, 49, 29, 45, 54, 57]","[0, 8, 14, 5, 11, 6, 1, 1, 2, 1, 5, 0]",SAA_smart,,"[0, 14, 0, 5, 32, 27, 25, 49, 29, 45, 54, 57]",43.0,,,,
j10,8,2,proactive_SAA_smart,1800.0,True,59.0,0.16400504112243652,0.0,"[0, 14, 0, 5, 32, 27, 25, 49, 29, 45, 54, 57]","[0, 9, 12, 3, 7, 6, 3, 5, 1, 1, 5, 0]",SAA_smart,,"[0, 14, 0, 5, 32, 27, 25, 49, 29, 45, 54, 57]",44.0,,,,
j10,8,2,proactive_SAA_smart,1800.0,True,57.0,0.16400504112243652,0.0,"[0, 14, 0, 5, 32, 27, 25, 49, 29, 45, 54, 57]","[0, 5, 7, 2, 4, 8, 1, 2, 2, 2, 2, 0]",SAA_smart,,"[0, 14, 0, 5, 32, 27, 25, 49, 29, 45, 54, 57]",38.0,,,,
j10,8,2,proactive_SAA_smart,1800.0,True,57.0,0.16400504112243652,0.0,"[0, 14, 0, 5, 32, 27, 25, 49, 29, 45, 54, 57]","[0, 4, 3, 5, 4, 9, 1, 4, 3, 2, 1, 0]",SAA_smart,,"[0, 14, 0, 5, 32, 27, 25, 49, 29, 45, 54, 57]",40.0,,,,
j10,8,2,proactive_SAA_smart,1800.0,True,57.0,0.16400504112243652,0.0,"[0, 14, 0, 5, 32, 27, 25, 49, 29, 45, 54, 57]","[0, 10, 6, 7, 8, 2, 2, 4, 1, 1, 2, 0]",SAA_smart,,"[0, 14, 0, 5, 32, 27, 25, 49, 29, 45, 54, 57]",37.0,,,,
j10,8,2,proactive_SAA_smart,1800.0,False,inf,0.16400504112243652,inf,"[0, 14, 0, 5, 32, 27, 25, 49, 29, 45, 54, 57]","[0, 14, 15, 3, 7, 1, 4, 2, 3, 2, 1, 0]",SAA_smart,,"[0, 14, 0, 5, 32, 27, 25, 49, 29, 45, 54, 57]",49.0,,,,
j10,8,2,proactive_SAA_smart,1800.0,True,57.0,0.16400504112243652,0.0,"[0, 14, 0, 5, 32, 27, 25, 49, 29, 45, 54, 57]","[0, 7, 12, 3, 10, 8, 3, 2, 1, 1, 2, 0]",SAA_smart,,"[0, 14, 0, 5, 32, 27, 25, 49, 29, 45, 54, 57]",41.0,,,,
j10,8,2,proactive_SAA_smart,1800.0,True,57.0,0.16400504112243652,0.0,"[0, 14, 0, 5, 32, 27, 25, 49, 29, 45, 54, 57]","[0, 6, 10, 7, 10, 5, 4, 2, 3, 1, 1, 0]",SAA_smart,,"[0, 14, 0, 5, 32, 27, 25, 49, 29, 45, 54, 57]",39.0,,,,
j10,8,2,proactive_SAA_smart,1800.0,True,57.0,0.16400504112243652,0.0,"[0, 14, 0, 5, 32, 27, 25, 49, 29, 45, 54, 57]","[0, 5, 13, 2, 10, 4, 5, 3, 3, 1, 1, 0]",SAA_smart,,"[0, 14, 0, 5, 32, 27, 25, 49, 29, 45, 54, 57]",42.0,,,,
j10,8,2,proactive_SAA_smart,1800.0,True,59.0,0.16400504112243652,0.0,"[0, 14, 0, 5, 32, 27, 25, 49, 29, 45, 54, 57]","[0, 11, 10, 2, 4, 4, 1, 1, 2, 2, 5, 0]",SAA_smart,,"[0, 14, 0, 5, 32, 27, 25, 49, 29, 45, 54, 57]",41.0,,,,
