,instance_folder,instance_id,sample_durations,time_limit,solve_time,solver_status,obj_gap,obj_value
0,ubo50,1,"[0, 2, 3, 6, 8, 3, 6, 7, 5, 4, 2, 6, 3, 10, 6, 3, 3, 10, 6, 7, 8, 2, 7, 7, 2, 5, 4, 8, 7, 8, 2, 8, 6, 3, 2, 6, 3, 2, 6, 3, 5, 3, 5, 3, 6, 9, 2, 2, 6, 6, 9, 0]",60,0.004,Infeasible,,
1,ubo50,2,"[0, 1, 3, 1, 2, 5, 1, 7, 8, 4, 4, 5, 7, 7, 2, 10, 5, 3, 9, 10, 2, 2, 2, 4, 7, 4, 3, 2, 6, 4, 5, 10, 1, 2, 5, 8, 4, 5, 1, 5, 9, 3, 6, 8, 8, 3, 5, 3, 5, 9, 9, 0]",60,0.004,Infeasible,,
2,ubo50,3,"[0, 5, 7, 7, 2, 2, 6, 9, 9, 8, 1, 8, 5, 3, 5, 8, 8, 9, 8, 2, 7, 5, 9, 7, 2, 3, 6, 9, 8, 4, 7, 10, 6, 8, 2, 2, 2, 9, 9, 10, 6, 4, 5, 7, 6, 6, 5, 2, 5, 7, 1, 0]",60,60.0,Feasible,0.282178,202.0
3,ubo50,4,"[0, 9, 8, 4, 2, 2, 5, 8, 8, 4, 1, 3, 4, 6, 7, 4, 7, 5, 8, 9, 7, 4, 5, 10, 6, 1, 1, 3, 1, 9, 7, 9, 2, 9, 10, 6, 10, 8, 10, 1, 8, 1, 3, 4, 8, 8, 1, 9, 6, 2, 10, 0]",60,60.0,Feasible,0.364055,217.0
4,ubo50,5,"[0, 8, 6, 3, 8, 1, 10, 4, 6, 1, 9, 2, 5, 2, 6, 8, 6, 2, 9, 1, 4, 5, 8, 6, 4, 9, 4, 4, 5, 10, 3, 6, 1, 9, 4, 10, 8, 10, 2, 10, 5, 1, 1, 10, 1, 1, 7, 8, 5, 6, 5, 0]",60,60.0,Unknown,,
5,ubo50,6,"[0, 4, 8, 8, 8, 1, 6, 9, 3, 9, 8, 8, 3, 6, 9, 8, 4, 3, 10, 4, 2, 7, 5, 3, 7, 1, 8, 9, 1, 2, 9, 6, 1, 5, 9, 7, 6, 9, 7, 9, 9, 4, 2, 8, 2, 2, 9, 7, 7, 3, 2, 0]",60,1.725,Optimal,0.0,213.0
6,ubo50,7,"[0, 5, 9, 2, 2, 8, 2, 5, 2, 4, 9, 9, 9, 8, 8, 10, 6, 4, 5, 8, 8, 8, 8, 5, 9, 1, 5, 8, 1, 4, 8, 3, 1, 9, 1, 4, 3, 10, 9, 10, 3, 6, 2, 6, 1, 9, 3, 3, 3, 8, 8, 0]",60,0.003,Infeasible,,
7,ubo50,8,"[0, 1, 6, 5, 7, 8, 5, 5, 8, 5, 9, 3, 8, 3, 1, 4, 3, 10, 5, 2, 8, 2, 5, 2, 6, 6, 1, 7, 10, 1, 8, 1, 2, 9, 4, 10, 1, 3, 3, 5, 2, 9, 3, 7, 7, 6, 1, 3, 4, 9, 5, 0]",60,60.0,Unknown,,
8,ubo50,9,"[0, 10, 4, 4, 2, 6, 6, 4, 8, 1, 3, 2, 1, 8, 8, 2, 6, 7, 8, 5, 1, 3, 2, 1, 2, 6, 8, 10, 4, 2, 10, 5, 6, 8, 5, 10, 7, 2, 5, 2, 5, 2, 8, 2, 3, 9, 9, 9, 9, 4, 10, 0]",60,20.149,Optimal,0.0,194.0
9,ubo50,10,"[0, 2, 10, 2, 2, 6, 9, 2, 8, 10, 8, 7, 9, 8, 3, 2, 10, 9, 1, 2, 4, 2, 2, 1, 9, 6, 1, 7, 5, 4, 10, 3, 1, 2, 1, 4, 8, 5, 5, 2, 4, 3, 10, 4, 10, 4, 4, 7, 10, 2, 6, 0]",60,60.0,Feasible,0.316062,193.0
10,ubo100,1,"[0, 6, 10, 8, 7, 8, 9, 3, 6, 9, 5, 7, 4, 3, 6, 5, 10, 8, 7, 5, 8, 9, 1, 9, 8, 8, 6, 3, 7, 4, 1, 10, 7, 10, 8, 9, 8, 1, 5, 2, 1, 9, 10, 9, 6, 1, 6, 1, 1, 4, 7, 9, 2, 9, 2, 3, 1, 8, 8, 9, 5, 7, 6, 1, 2, 7, 4, 4, 6, 10, 3, 9, 9, 2, 8, 8, 1, 9, 4, 1, 6, 5, 4, 3, 10, 10, 6, 5, 1, 8, 9, 7, 4, 10, 10, 8, 5, 2, 5, 2, 2, 0]",60,0.005,Infeasible,,
11,ubo100,2,"[0, 8, 4, 8, 1, 8, 2, 2, 7, 4, 6, 7, 4, 7, 8, 5, 10, 6, 7, 9, 9, 2, 9, 5, 10, 3, 3, 2, 7, 9, 1, 5, 1, 6, 1, 8, 9, 10, 7, 1, 6, 6, 4, 4, 2, 7, 8, 4, 3, 2, 8, 3, 1, 4, 7, 10, 8, 7, 3, 9, 4, 4, 4, 9, 8, 1, 2, 9, 8, 6, 2, 3, 2, 10, 2, 9, 10, 5, 1, 4, 9, 6, 8, 2, 8, 5, 1, 6, 1, 4, 3, 10, 10, 8, 6, 5, 4, 4, 7, 10, 7, 0]",60,0.004,Infeasible,,
12,ubo100,3,"[0, 1, 10, 3, 8, 6, 7, 9, 10, 3, 2, 3, 7, 5, 6, 2, 5, 1, 3, 1, 7, 5, 10, 8, 2, 9, 3, 8, 8, 4, 9, 3, 1, 7, 2, 7, 8, 3, 1, 7, 4, 6, 7, 3, 2, 3, 7, 1, 10, 4, 3, 2, 2, 9, 3, 9, 2, 8, 2, 1, 2, 9, 8, 8, 9, 4, 1, 8, 10, 6, 5, 8, 7, 7, 8, 9, 2, 2, 6, 9, 10, 2, 4, 4, 2, 5, 4, 10, 1, 3, 1, 8, 1, 10, 6, 9, 10, 1, 8, 6, 1, 0]",60,0.004,Infeasible,,
13,ubo100,4,"[0, 8, 2, 6, 7, 8, 8, 3, 9, 9, 3, 2, 8, 10, 4, 8, 8, 4, 9, 3, 10, 2, 8, 9, 9, 8, 8, 1, 7, 7, 8, 1, 1, 2, 2, 10, 4, 7, 1, 5, 8, 2, 6, 2, 1, 9, 1, 4, 4, 1, 1, 2, 6, 9, 5, 10, 6, 4, 9, 9, 10, 5, 6, 4, 5, 5, 6, 1, 5, 9, 9, 1, 3, 4, 3, 10, 9, 8, 10, 9, 5, 5, 8, 9, 5, 1, 1, 2, 3, 6, 8, 7, 4, 2, 8, 1, 6, 2, 6, 2, 1, 0]",60,60.002,Feasible,0.330097,412.0
14,ubo100,5,"[0, 8, 6, 3, 1, 2, 10, 7, 9, 1, 5, 1, 2, 9, 3, 3, 8, 8, 9, 4, 2, 10, 8, 8, 3, 1, 1, 6, 4, 7, 6, 9, 8, 2, 5, 10, 1, 6, 7, 1, 1, 3, 9, 2, 3, 4, 9, 2, 3, 5, 3, 4, 9, 1, 5, 4, 2, 4, 10, 8, 8, 9, 5, 5, 1, 6, 3, 7, 8, 10, 9, 3, 3, 9, 6, 10, 6, 2, 10, 2, 6, 9, 8, 1, 6, 6, 2, 8, 6, 4, 4, 10, 10, 10, 8, 7, 5, 2, 7, 6, 2, 0]",60,0.004,Infeasible,,
15,ubo100,6,"[0, 4, 1, 9, 5, 7, 10, 1, 6, 8, 5, 4, 9, 6, 4, 3, 7, 2, 7, 7, 1, 8, 9, 7, 4, 4, 3, 4, 1, 4, 4, 4, 4, 4, 2, 8, 9, 7, 1, 9, 10, 6, 1, 2, 9, 3, 4, 3, 3, 8, 4, 7, 4, 5, 5, 3, 1, 4, 7, 6, 2, 7, 5, 6, 4, 3, 4, 8, 3, 4, 2, 1, 4, 6, 10, 2, 1, 5, 5, 8, 1, 1, 9, 2, 8, 5, 2, 4, 6, 6, 6, 5, 9, 2, 1, 4, 1, 6, 6, 9, 1, 0]",60,0.004,Infeasible,,
16,ubo100,7,"[0, 9, 6, 3, 3, 6, 7, 1, 4, 4, 2, 1, 8, 2, 8, 4, 10, 7, 7, 3, 8, 9, 9, 2, 7, 7, 1, 4, 3, 6, 5, 5, 8, 4, 2, 8, 6, 10, 6, 6, 9, 5, 7, 5, 6, 4, 6, 8, 1, 1, 4, 4, 6, 5, 6, 10, 1, 2, 1, 5, 6, 6, 6, 3, 3, 6, 7, 10, 7, 3, 4, 9, 5, 4, 3, 7, 6, 10, 5, 10, 3, 2, 3, 1, 3, 1, 6, 2, 5, 8, 4, 10, 10, 3, 5, 2, 4, 7, 6, 10, 5, 0]",60,60.002,Feasible,0.341346,416.0
17,ubo100,8,"[0, 10, 9, 8, 3, 3, 7, 2, 8, 1, 1, 2, 1, 3, 2, 7, 4, 7, 1, 7, 3, 5, 7, 10, 8, 10, 4, 3, 8, 3, 10, 7, 6, 1, 1, 9, 6, 4, 1, 7, 1, 10, 5, 7, 3, 1, 5, 7, 6, 10, 2, 1, 7, 4, 7, 1, 2, 6, 4, 3, 8, 3, 4, 5, 1, 5, 8, 4, 2, 7, 4, 3, 5, 7, 6, 1, 8, 9, 8, 10, 9, 6, 8, 5, 6, 6, 4, 10, 10, 4, 9, 3, 3, 3, 10, 8, 4, 6, 7, 3, 4, 0]",60,60.001,Feasible,0.111392,395.0
18,ubo100,9,"[0, 9, 2, 8, 3, 3, 5, 7, 6, 10, 2, 4, 10, 10, 4, 3, 1, 8, 7, 7, 2, 9, 9, 9, 8, 7, 5, 1, 3, 4, 7, 9, 10, 2, 4, 8, 5, 1, 1, 3, 10, 6, 4, 3, 5, 6, 10, 3, 7, 4, 6, 4, 4, 7, 6, 1, 1, 9, 8, 1, 3, 6, 4, 4, 4, 3, 10, 5, 2, 10, 9, 6, 10, 8, 10, 9, 3, 7, 5, 4, 3, 5, 4, 1, 6, 3, 7, 8, 1, 5, 7, 1, 8, 2, 4, 2, 10, 10, 1, 8, 10, 0]",60,60.0,Unknown,,
19,ubo100,10,"[0, 8, 9, 2, 2, 3, 6, 9, 7, 6, 5, 10, 9, 9, 5, 7, 9, 2, 6, 1, 3, 10, 5, 8, 3, 7, 9, 10, 5, 7, 6, 8, 3, 4, 3, 8, 9, 8, 3, 6, 10, 10, 10, 8, 8, 3, 8, 1, 2, 10, 7, 10, 10, 10, 2, 7, 10, 3, 8, 7, 6, 1, 4, 6, 4, 10, 8, 5, 8, 7, 1, 9, 5, 10, 2, 9, 10, 1, 2, 8, 5, 9, 3, 6, 4, 3, 5, 3, 4, 3, 8, 5, 2, 5, 4, 1, 8, 8, 3, 2, 5, 0]",60,60.004,Feasible,0.28913,460.0
20,ubo50,1,"[0, 2, 3, 6, 8, 3, 6, 7, 5, 4, 2, 6, 3, 10, 6, 3, 3, 10, 6, 7, 8, 2, 7, 7, 2, 5, 4, 8, 7, 8, 2, 8, 6, 3, 2, 6, 3, 2, 6, 3, 5, 3, 5, 3, 6, 9, 2, 2, 6, 6, 9, 0]",600,0.002,Infeasible,,
21,ubo50,2,"[0, 1, 3, 1, 2, 5, 1, 7, 8, 4, 4, 5, 7, 7, 2, 10, 5, 3, 9, 10, 2, 2, 2, 4, 7, 4, 3, 2, 6, 4, 5, 10, 1, 2, 5, 8, 4, 5, 1, 5, 9, 3, 6, 8, 8, 3, 5, 3, 5, 9, 9, 0]",600,0.003,Infeasible,,
22,ubo50,3,"[0, 5, 7, 7, 2, 2, 6, 9, 9, 8, 1, 8, 5, 3, 5, 8, 8, 9, 8, 2, 7, 5, 9, 7, 2, 3, 6, 9, 8, 4, 7, 10, 6, 8, 2, 2, 2, 9, 9, 10, 6, 4, 5, 7, 6, 6, 5, 2, 5, 7, 1, 0]",600,600.0,Feasible,0.247423,194.0
23,ubo50,4,"[0, 9, 8, 4, 2, 2, 5, 8, 8, 4, 1, 3, 4, 6, 7, 4, 7, 5, 8, 9, 7, 4, 5, 10, 6, 1, 1, 3, 1, 9, 7, 9, 2, 9, 10, 6, 10, 8, 10, 1, 8, 1, 3, 4, 8, 8, 1, 9, 6, 2, 10, 0]",600,600.0,Feasible,0.350467,214.0
24,ubo50,5,"[0, 8, 6, 3, 8, 1, 10, 4, 6, 1, 9, 2, 5, 2, 6, 8, 6, 2, 9, 1, 4, 5, 8, 6, 4, 9, 4, 4, 5, 10, 3, 6, 1, 9, 4, 10, 8, 10, 2, 10, 5, 1, 1, 10, 1, 1, 7, 8, 5, 6, 5, 0]",600,600.0,Unknown,,
25,ubo50,6,"[0, 4, 8, 8, 8, 1, 6, 9, 3, 9, 8, 8, 3, 6, 9, 8, 4, 3, 10, 4, 2, 7, 5, 3, 7, 1, 8, 9, 1, 2, 9, 6, 1, 5, 9, 7, 6, 9, 7, 9, 9, 4, 2, 8, 2, 2, 9, 7, 7, 3, 2, 0]",600,1.713,Optimal,0.0,213.0
26,ubo50,7,"[0, 5, 9, 2, 2, 8, 2, 5, 2, 4, 9, 9, 9, 8, 8, 10, 6, 4, 5, 8, 8, 8, 8, 5, 9, 1, 5, 8, 1, 4, 8, 3, 1, 9, 1, 4, 3, 10, 9, 10, 3, 6, 2, 6, 1, 9, 3, 3, 3, 8, 8, 0]",600,0.003,Infeasible,,
27,ubo50,8,"[0, 1, 6, 5, 7, 8, 5, 5, 8, 5, 9, 3, 8, 3, 1, 4, 3, 10, 5, 2, 8, 2, 5, 2, 6, 6, 1, 7, 10, 1, 8, 1, 2, 9, 4, 10, 1, 3, 3, 5, 2, 9, 3, 7, 7, 6, 1, 3, 4, 9, 5, 0]",600,600.0,Unknown,,
28,ubo50,9,"[0, 10, 4, 4, 2, 6, 6, 4, 8, 1, 3, 2, 1, 8, 8, 2, 6, 7, 8, 5, 1, 3, 2, 1, 2, 6, 8, 10, 4, 2, 10, 5, 6, 8, 5, 10, 7, 2, 5, 2, 5, 2, 8, 2, 3, 9, 9, 9, 9, 4, 10, 0]",600,19.408,Optimal,0.0,194.0
29,ubo50,10,"[0, 2, 10, 2, 2, 6, 9, 2, 8, 10, 8, 7, 9, 8, 3, 2, 10, 9, 1, 2, 4, 2, 2, 1, 9, 6, 1, 7, 5, 4, 10, 3, 1, 2, 1, 4, 8, 5, 5, 2, 4, 3, 10, 4, 10, 4, 4, 7, 10, 2, 6, 0]",600,600.0,Feasible,0.290323,186.0
30,ubo100,1,"[0, 6, 10, 8, 7, 8, 9, 3, 6, 9, 5, 7, 4, 3, 6, 5, 10, 8, 7, 5, 8, 9, 1, 9, 8, 8, 6, 3, 7, 4, 1, 10, 7, 10, 8, 9, 8, 1, 5, 2, 1, 9, 10, 9, 6, 1, 6, 1, 1, 4, 7, 9, 2, 9, 2, 3, 1, 8, 8, 9, 5, 7, 6, 1, 2, 7, 4, 4, 6, 10, 3, 9, 9, 2, 8, 8, 1, 9, 4, 1, 6, 5, 4, 3, 10, 10, 6, 5, 1, 8, 9, 7, 4, 10, 10, 8, 5, 2, 5, 2, 2, 0]",600,0.005,Infeasible,,
31,ubo100,2,"[0, 8, 4, 8, 1, 8, 2, 2, 7, 4, 6, 7, 4, 7, 8, 5, 10, 6, 7, 9, 9, 2, 9, 5, 10, 3, 3, 2, 7, 9, 1, 5, 1, 6, 1, 8, 9, 10, 7, 1, 6, 6, 4, 4, 2, 7, 8, 4, 3, 2, 8, 3, 1, 4, 7, 10, 8, 7, 3, 9, 4, 4, 4, 9, 8, 1, 2, 9, 8, 6, 2, 3, 2, 10, 2, 9, 10, 5, 1, 4, 9, 6, 8, 2, 8, 5, 1, 6, 1, 4, 3, 10, 10, 8, 6, 5, 4, 4, 7, 10, 7, 0]",600,0.004,Infeasible,,
32,ubo100,3,"[0, 1, 10, 3, 8, 6, 7, 9, 10, 3, 2, 3, 7, 5, 6, 2, 5, 1, 3, 1, 7, 5, 10, 8, 2, 9, 3, 8, 8, 4, 9, 3, 1, 7, 2, 7, 8, 3, 1, 7, 4, 6, 7, 3, 2, 3, 7, 1, 10, 4, 3, 2, 2, 9, 3, 9, 2, 8, 2, 1, 2, 9, 8, 8, 9, 4, 1, 8, 10, 6, 5, 8, 7, 7, 8, 9, 2, 2, 6, 9, 10, 2, 4, 4, 2, 5, 4, 10, 1, 3, 1, 8, 1, 10, 6, 9, 10, 1, 8, 6, 1, 0]",600,0.004,Infeasible,,
33,ubo100,4,"[0, 8, 2, 6, 7, 8, 8, 3, 9, 9, 3, 2, 8, 10, 4, 8, 8, 4, 9, 3, 10, 2, 8, 9, 9, 8, 8, 1, 7, 7, 8, 1, 1, 2, 2, 10, 4, 7, 1, 5, 8, 2, 6, 2, 1, 9, 1, 4, 4, 1, 1, 2, 6, 9, 5, 10, 6, 4, 9, 9, 10, 5, 6, 4, 5, 5, 6, 1, 5, 9, 9, 1, 3, 4, 3, 10, 9, 8, 10, 9, 5, 5, 8, 9, 5, 1, 1, 2, 3, 6, 8, 7, 4, 2, 8, 1, 6, 2, 6, 2, 1, 0]",600,600.002,Feasible,0.308271,399.0
34,ubo100,5,"[0, 8, 6, 3, 1, 2, 10, 7, 9, 1, 5, 1, 2, 9, 3, 3, 8, 8, 9, 4, 2, 10, 8, 8, 3, 1, 1, 6, 4, 7, 6, 9, 8, 2, 5, 10, 1, 6, 7, 1, 1, 3, 9, 2, 3, 4, 9, 2, 3, 5, 3, 4, 9, 1, 5, 4, 2, 4, 10, 8, 8, 9, 5, 5, 1, 6, 3, 7, 8, 10, 9, 3, 3, 9, 6, 10, 6, 2, 10, 2, 6, 9, 8, 1, 6, 6, 2, 8, 6, 4, 4, 10, 10, 10, 8, 7, 5, 2, 7, 6, 2, 0]",600,0.004,Infeasible,,
35,ubo100,6,"[0, 4, 1, 9, 5, 7, 10, 1, 6, 8, 5, 4, 9, 6, 4, 3, 7, 2, 7, 7, 1, 8, 9, 7, 4, 4, 3, 4, 1, 4, 4, 4, 4, 4, 2, 8, 9, 7, 1, 9, 10, 6, 1, 2, 9, 3, 4, 3, 3, 8, 4, 7, 4, 5, 5, 3, 1, 4, 7, 6, 2, 7, 5, 6, 4, 3, 4, 8, 3, 4, 2, 1, 4, 6, 10, 2, 1, 5, 5, 8, 1, 1, 9, 2, 8, 5, 2, 4, 6, 6, 6, 5, 9, 2, 1, 4, 1, 6, 6, 9, 1, 0]",600,0.004,Infeasible,,
36,ubo100,7,"[0, 9, 6, 3, 3, 6, 7, 1, 4, 4, 2, 1, 8, 2, 8, 4, 10, 7, 7, 3, 8, 9, 9, 2, 7, 7, 1, 4, 3, 6, 5, 5, 8, 4, 2, 8, 6, 10, 6, 6, 9, 5, 7, 5, 6, 4, 6, 8, 1, 1, 4, 4, 6, 5, 6, 10, 1, 2, 1, 5, 6, 6, 6, 3, 3, 6, 7, 10, 7, 3, 4, 9, 5, 4, 3, 7, 6, 10, 5, 10, 3, 2, 3, 1, 3, 1, 6, 2, 5, 8, 4, 10, 10, 3, 5, 2, 4, 7, 6, 10, 5, 0]",600,600.002,Feasible,0.320099,403.0
37,ubo100,8,"[0, 10, 9, 8, 3, 3, 7, 2, 8, 1, 1, 2, 1, 3, 2, 7, 4, 7, 1, 7, 3, 5, 7, 10, 8, 10, 4, 3, 8, 3, 10, 7, 6, 1, 1, 9, 6, 4, 1, 7, 1, 10, 5, 7, 3, 1, 5, 7, 6, 10, 2, 1, 7, 4, 7, 1, 2, 6, 4, 3, 8, 3, 4, 5, 1, 5, 8, 4, 2, 7, 4, 3, 5, 7, 6, 1, 8, 9, 8, 10, 9, 6, 8, 5, 6, 6, 4, 10, 10, 4, 9, 3, 3, 3, 10, 8, 4, 6, 7, 3, 4, 0]",600,600.002,Feasible,0.0930233,387.0
38,ubo100,9,"[0, 9, 2, 8, 3, 3, 5, 7, 6, 10, 2, 4, 10, 10, 4, 3, 1, 8, 7, 7, 2, 9, 9, 9, 8, 7, 5, 1, 3, 4, 7, 9, 10, 2, 4, 8, 5, 1, 1, 3, 10, 6, 4, 3, 5, 6, 10, 3, 7, 4, 6, 4, 4, 7, 6, 1, 1, 9, 8, 1, 3, 6, 4, 4, 4, 3, 10, 5, 2, 10, 9, 6, 10, 8, 10, 9, 3, 7, 5, 4, 3, 5, 4, 1, 6, 3, 7, 8, 1, 5, 7, 1, 8, 2, 4, 2, 10, 10, 1, 8, 10, 0]",600,600.0,Unknown,,
39,ubo100,10,"[0, 8, 9, 2, 2, 3, 6, 9, 7, 6, 5, 10, 9, 9, 5, 7, 9, 2, 6, 1, 3, 10, 5, 8, 3, 7, 9, 10, 5, 7, 6, 8, 3, 4, 3, 8, 9, 8, 3, 6, 10, 10, 10, 8, 8, 3, 8, 1, 2, 10, 7, 10, 10, 10, 2, 7, 10, 3, 8, 7, 6, 1, 4, 6, 4, 10, 8, 5, 8, 7, 1, 9, 5, 10, 2, 9, 10, 1, 2, 8, 5, 9, 3, 6, 4, 3, 5, 3, 4, 3, 8, 5, 2, 5, 4, 1, 8, 8, 3, 2, 5, 0]",600,600.002,Feasible,0.273333,450.0
40,ubo50,1,"[0, 2, 3, 6, 8, 3, 6, 7, 5, 4, 2, 6, 3, 10, 6, 3, 3, 10, 6, 7, 8, 2, 7, 7, 2, 5, 4, 8, 7, 8, 2, 8, 6, 3, 2, 6, 3, 2, 6, 3, 5, 3, 5, 3, 6, 9, 2, 2, 6, 6, 9, 0]",3600,0.003,Infeasible,,
41,ubo50,2,"[0, 1, 3, 1, 2, 5, 1, 7, 8, 4, 4, 5, 7, 7, 2, 10, 5, 3, 9, 10, 2, 2, 2, 4, 7, 4, 3, 2, 6, 4, 5, 10, 1, 2, 5, 8, 4, 5, 1, 5, 9, 3, 6, 8, 8, 3, 5, 3, 5, 9, 9, 0]",3600,0.003,Infeasible,,
42,ubo50,3,"[0, 5, 7, 7, 2, 2, 6, 9, 9, 8, 1, 8, 5, 3, 5, 8, 8, 9, 8, 2, 7, 5, 9, 7, 2, 3, 6, 9, 8, 4, 7, 10, 6, 8, 2, 2, 2, 9, 9, 10, 6, 4, 5, 7, 6, 6, 5, 2, 5, 7, 1, 0]",3600,3595.33,Optimal,0.0,194.0
43,ubo50,4,"[0, 9, 8, 4, 2, 2, 5, 8, 8, 4, 1, 3, 4, 6, 7, 4, 7, 5, 8, 9, 7, 4, 5, 10, 6, 1, 1, 3, 1, 9, 7, 9, 2, 9, 10, 6, 10, 8, 10, 1, 8, 1, 3, 4, 8, 8, 1, 9, 6, 2, 10, 0]",3600,3600.0,Feasible,0.331776,214.0
44,ubo50,5,"[0, 8, 6, 3, 8, 1, 10, 4, 6, 1, 9, 2, 5, 2, 6, 8, 6, 2, 9, 1, 4, 5, 8, 6, 4, 9, 4, 4, 5, 10, 3, 6, 1, 9, 4, 10, 8, 10, 2, 10, 5, 1, 1, 10, 1, 1, 7, 8, 5, 6, 5, 0]",3600,3600.0,Unknown,,
45,ubo50,6,"[0, 4, 8, 8, 8, 1, 6, 9, 3, 9, 8, 8, 3, 6, 9, 8, 4, 3, 10, 4, 2, 7, 5, 3, 7, 1, 8, 9, 1, 2, 9, 6, 1, 5, 9, 7, 6, 9, 7, 9, 9, 4, 2, 8, 2, 2, 9, 7, 7, 3, 2, 0]",3600,1.755,Optimal,0.0,213.0
46,ubo50,7,"[0, 5, 9, 2, 2, 8, 2, 5, 2, 4, 9, 9, 9, 8, 8, 10, 6, 4, 5, 8, 8, 8, 8, 5, 9, 1, 5, 8, 1, 4, 8, 3, 1, 9, 1, 4, 3, 10, 9, 10, 3, 6, 2, 6, 1, 9, 3, 3, 3, 8, 8, 0]",3600,0.003,Infeasible,,
47,ubo50,8,"[0, 1, 6, 5, 7, 8, 5, 5, 8, 5, 9, 3, 8, 3, 1, 4, 3, 10, 5, 2, 8, 2, 5, 2, 6, 6, 1, 7, 10, 1, 8, 1, 2, 9, 4, 10, 1, 3, 3, 5, 2, 9, 3, 7, 7, 6, 1, 3, 4, 9, 5, 0]",3600,3600.0,Unknown,,
48,ubo50,9,"[0, 10, 4, 4, 2, 6, 6, 4, 8, 1, 3, 2, 1, 8, 8, 2, 6, 7, 8, 5, 1, 3, 2, 1, 2, 6, 8, 10, 4, 2, 10, 5, 6, 8, 5, 10, 7, 2, 5, 2, 5, 2, 8, 2, 3, 9, 9, 9, 9, 4, 10, 0]",3600,19.367,Optimal,0.0,194.0
49,ubo50,10,"[0, 2, 10, 2, 2, 6, 9, 2, 8, 10, 8, 7, 9, 8, 3, 2, 10, 9, 1, 2, 4, 2, 2, 1, 9, 6, 1, 7, 5, 4, 10, 3, 1, 2, 1, 4, 8, 5, 5, 2, 4, 3, 10, 4, 10, 4, 4, 7, 10, 2, 6, 0]",3600,3600.0,Feasible,0.290323,186.0
50,ubo100,1,"[0, 6, 10, 8, 7, 8, 9, 3, 6, 9, 5, 7, 4, 3, 6, 5, 10, 8, 7, 5, 8, 9, 1, 9, 8, 8, 6, 3, 7, 4, 1, 10, 7, 10, 8, 9, 8, 1, 5, 2, 1, 9, 10, 9, 6, 1, 6, 1, 1, 4, 7, 9, 2, 9, 2, 3, 1, 8, 8, 9, 5, 7, 6, 1, 2, 7, 4, 4, 6, 10, 3, 9, 9, 2, 8, 8, 1, 9, 4, 1, 6, 5, 4, 3, 10, 10, 6, 5, 1, 8, 9, 7, 4, 10, 10, 8, 5, 2, 5, 2, 2, 0]",3600,0.004,Infeasible,,
51,ubo100,2,"[0, 8, 4, 8, 1, 8, 2, 2, 7, 4, 6, 7, 4, 7, 8, 5, 10, 6, 7, 9, 9, 2, 9, 5, 10, 3, 3, 2, 7, 9, 1, 5, 1, 6, 1, 8, 9, 10, 7, 1, 6, 6, 4, 4, 2, 7, 8, 4, 3, 2, 8, 3, 1, 4, 7, 10, 8, 7, 3, 9, 4, 4, 4, 9, 8, 1, 2, 9, 8, 6, 2, 3, 2, 10, 2, 9, 10, 5, 1, 4, 9, 6, 8, 2, 8, 5, 1, 6, 1, 4, 3, 10, 10, 8, 6, 5, 4, 4, 7, 10, 7, 0]",3600,0.004,Infeasible,,
52,ubo100,3,"[0, 1, 10, 3, 8, 6, 7, 9, 10, 3, 2, 3, 7, 5, 6, 2, 5, 1, 3, 1, 7, 5, 10, 8, 2, 9, 3, 8, 8, 4, 9, 3, 1, 7, 2, 7, 8, 3, 1, 7, 4, 6, 7, 3, 2, 3, 7, 1, 10, 4, 3, 2, 2, 9, 3, 9, 2, 8, 2, 1, 2, 9, 8, 8, 9, 4, 1, 8, 10, 6, 5, 8, 7, 7, 8, 9, 2, 2, 6, 9, 10, 2, 4, 4, 2, 5, 4, 10, 1, 3, 1, 8, 1, 10, 6, 9, 10, 1, 8, 6, 1, 0]",3600,0.004,Infeasible,,
53,ubo100,4,"[0, 8, 2, 6, 7, 8, 8, 3, 9, 9, 3, 2, 8, 10, 4, 8, 8, 4, 9, 3, 10, 2, 8, 9, 9, 8, 8, 1, 7, 7, 8, 1, 1, 2, 2, 10, 4, 7, 1, 5, 8, 2, 6, 2, 1, 9, 1, 4, 4, 1, 1, 2, 6, 9, 5, 10, 6, 4, 9, 9, 10, 5, 6, 4, 5, 5, 6, 1, 5, 9, 9, 1, 3, 4, 3, 10, 9, 8, 10, 9, 5, 5, 8, 9, 5, 1, 1, 2, 3, 6, 8, 7, 4, 2, 8, 1, 6, 2, 6, 2, 1, 0]",3600,3600.0,Feasible,0.306533,398.0
54,ubo100,5,"[0, 8, 6, 3, 1, 2, 10, 7, 9, 1, 5, 1, 2, 9, 3, 3, 8, 8, 9, 4, 2, 10, 8, 8, 3, 1, 1, 6, 4, 7, 6, 9, 8, 2, 5, 10, 1, 6, 7, 1, 1, 3, 9, 2, 3, 4, 9, 2, 3, 5, 3, 4, 9, 1, 5, 4, 2, 4, 10, 8, 8, 9, 5, 5, 1, 6, 3, 7, 8, 10, 9, 3, 3, 9, 6, 10, 6, 2, 10, 2, 6, 9, 8, 1, 6, 6, 2, 8, 6, 4, 4, 10, 10, 10, 8, 7, 5, 2, 7, 6, 2, 0]",3600,0.004,Infeasible,,
55,ubo100,6,"[0, 4, 1, 9, 5, 7, 10, 1, 6, 8, 5, 4, 9, 6, 4, 3, 7, 2, 7, 7, 1, 8, 9, 7, 4, 4, 3, 4, 1, 4, 4, 4, 4, 4, 2, 8, 9, 7, 1, 9, 10, 6, 1, 2, 9, 3, 4, 3, 3, 8, 4, 7, 4, 5, 5, 3, 1, 4, 7, 6, 2, 7, 5, 6, 4, 3, 4, 8, 3, 4, 2, 1, 4, 6, 10, 2, 1, 5, 5, 8, 1, 1, 9, 2, 8, 5, 2, 4, 6, 6, 6, 5, 9, 2, 1, 4, 1, 6, 6, 9, 1, 0]",3600,0.004,Infeasible,,
56,ubo100,7,"[0, 9, 6, 3, 3, 6, 7, 1, 4, 4, 2, 1, 8, 2, 8, 4, 10, 7, 7, 3, 8, 9, 9, 2, 7, 7, 1, 4, 3, 6, 5, 5, 8, 4, 2, 8, 6, 10, 6, 6, 9, 5, 7, 5, 6, 4, 6, 8, 1, 1, 4, 4, 6, 5, 6, 10, 1, 2, 1, 5, 6, 6, 6, 3, 3, 6, 7, 10, 7, 3, 4, 9, 5, 4, 3, 7, 6, 10, 5, 10, 3, 2, 3, 1, 3, 1, 6, 2, 5, 8, 4, 10, 10, 3, 5, 2, 4, 7, 6, 10, 5, 0]",3600,3600.0,Feasible,0.320099,403.0
57,ubo100,8,"[0, 10, 9, 8, 3, 3, 7, 2, 8, 1, 1, 2, 1, 3, 2, 7, 4, 7, 1, 7, 3, 5, 7, 10, 8, 10, 4, 3, 8, 3, 10, 7, 6, 1, 1, 9, 6, 4, 1, 7, 1, 10, 5, 7, 3, 1, 5, 7, 6, 10, 2, 1, 7, 4, 7, 1, 2, 6, 4, 3, 8, 3, 4, 5, 1, 5, 8, 4, 2, 7, 4, 3, 5, 7, 6, 1, 8, 9, 8, 10, 9, 6, 8, 5, 6, 6, 4, 10, 10, 4, 9, 3, 3, 3, 10, 8, 4, 6, 7, 3, 4, 0]",3600,3600.0,Feasible,0.0775194,387.0
58,ubo100,9,"[0, 9, 2, 8, 3, 3, 5, 7, 6, 10, 2, 4, 10, 10, 4, 3, 1, 8, 7, 7, 2, 9, 9, 9, 8, 7, 5, 1, 3, 4, 7, 9, 10, 2, 4, 8, 5, 1, 1, 3, 10, 6, 4, 3, 5, 6, 10, 3, 7, 4, 6, 4, 4, 7, 6, 1, 1, 9, 8, 1, 3, 6, 4, 4, 4, 3, 10, 5, 2, 10, 9, 6, 10, 8, 10, 9, 3, 7, 5, 4, 3, 5, 4, 1, 6, 3, 7, 8, 1, 5, 7, 1, 8, 2, 4, 2, 10, 10, 1, 8, 10, 0]",3600,3600.0,Unknown,,
59,ubo100,10,"[0, 8, 9, 2, 2, 3, 6, 9, 7, 6, 5, 10, 9, 9, 5, 7, 9, 2, 6, 1, 3, 10, 5, 8, 3, 7, 9, 10, 5, 7, 6, 8, 3, 4, 3, 8, 9, 8, 3, 6, 10, 10, 10, 8, 8, 3, 8, 1, 2, 10, 7, 10, 10, 10, 2, 7, 10, 3, 8, 7, 6, 1, 4, 6, 4, 10, 8, 5, 8, 7, 1, 9, 5, 10, 2, 9, 10, 1, 2, 8, 5, 9, 3, 6, 4, 3, 5, 3, 4, 3, 8, 5, 2, 5, 4, 1, 8, 8, 3, 2, 5, 0]",3600,3600.0,Feasible,0.268456,447.0
